ID,BIC_EGR,AICc_EGR,s_frac_EGR,chi2_red_x,rho_EGR,BIC_LCDM,AICc_LCDM,s_frac_LCDM,chi2_red_y,rho_LCDM,dBIC,dAICc,d_sfrac,d_rho
GC6946,266.13421713571415,250.21063809407977,0.0,0.94930902043761,0.7028469671700254,176.01959165781489,168.53253659676128,0.0125152587890625,1.0000260759181994,0.705056760683371,-90.11462547789927,-81.6781014973185,0.0125152587890625,0.0022097935133456037
GC6946,266.13421713571415,250.21063809407977,0.0,0.94930902043761,0.7028469671700254,176.0205608669126,168.533505805859,0.0125152587890625,1.0000259703934302,0.7050563190854372,-90.11365626880155,-81.67713228822078,0.0125152587890625,0.002209351915411828
GC06787,455.1008542166102,436.1407221128637,0.029229736328125,0.999946424060672,0.6855671088319804,366.72529068649897,358.2806317843943,0.03948974609375,1.0000115869075323,0.8537534696829812,-88.37556353011121,-77.86009032846943,0.010260009765625001,0.1681863608510008
GC06787,455.1008542166102,436.1407221128637,0.029229736328125,0.999946424060672,0.6855671088319804,366.7252915393328,358.2806326372281,0.03948974609375,1.0000151453595818,0.8537536439733174,-88.3755626772774,-77.86008947563562,0.010260009765625001,0.16818653514133708
GC06787,455.1008542166102,436.1407221128637,0.029229736328125,0.999946424060672,0.6855671088319804,366.7254106185342,358.28075171642956,0.03948974609375,1.0000134735371484,0.8537535621584053,-88.37544359807595,-77.85997039643416,0.010260009765625001,0.1681864533264249
GC5055,131.29047955045604,130.90961091929225,0.013287353515625,0.999961867039061,0.2894645438062894,65.36008885373391,61.77040124781571,0.00732421875,1.0000552092414705,0.485223213574447,-65.93039069672213,-69.13920967147654,-0.005963134765624999,0.1957586697681576
GC5055,131.29047955045604,130.90961091929225,0.013287353515625,0.999961867039061,0.2894645438062894,65.36068652420118,61.770998918282984,0.00732421875,1.0000574594687988,0.4852297050401184,-65.92979302625486,-69.13861200100926,-0.005963134765624999,0.19576516123382903
GC02916,233.54585509185907,222.80885393492343,0.0,0.6445604823423876,0.8695814608047937,173.18882041300583,167.19665152917895,0.0114471435546875,1.00003845774939,0.8492189807572561,-60.35703467885324,-55.61220240574448,0.0114471435546875,-0.0203624800475376
GC08699,248.3298980028217,238.52751066911193,0.0,0.5165884520665746,0.7865343031630284,189.5126268936945,183.76944973798837,0.0,0.6362191495162091,0.7334858617267354,-58.817271109127205,-54.758060931123566,0.0,-0.05304844143629306
GC08699,248.3298980028217,238.52751066911193,0.0,0.5165884520665746,0.7865343031630284,189.5126777786931,183.76950062298695,0.0,0.6362176176485297,0.7334877757987688,-58.81722022412859,-54.75801004612498,0.0,-0.05304652736425963
GC08699,248.3298980028217,238.52751066911193,0.0,0.5165884520665746,0.7865343031630284,189.51273126617693,183.7695541104708,0.0,0.6362177202357163,0.7334876495343716,-58.817166736644765,-54.757956558641126,0.0,-0.05304665362865679
GC00128,103.16049391958302,112.25006938599986,0.019097900390625,0.9999984892410416,0.2154195105818192,50.887414534628704,48.876185897666026,0.013604736328125,0.9999595584895468,0.2934507889070804,-52.273079384954315,-63.37388348833384,-0.005493164062499998,0.07803127832526116
GC00128,103.16049391958302,112.25006938599986,0.019097900390625,0.9999984892410416,0.2154195105818192,50.887634286407035,48.87640564944436,0.013604736328125,0.9999574335051392,0.2934503764034372,-52.27285963317598,-63.37366373655551,-0.005493164062499998,0.07803086582161797
GC2403,237.77385739136813,218.4176500766584,0.031646728515625,1.0000201937735589,0.8882402260112854,196.25429063752156,187.68068816704564,0.030084228515625,1.0000694491198796,0.921966024525874,-41.51956675384656,-30.736961909612745,-0.0015625000000000014,0.03372579851458857
GC2403,237.77385739136813,218.4176500766584,0.031646728515625,1.0000201937735589,0.8882402260112854,196.25776798449664,187.68416551402072,0.030084228515625,1.0000689490434247,0.9219888378404704,-41.51608940687149,-30.73348456263767,-0.0015625000000000014,0.03374861182918498
GC03546,150.65755152051142,148.2245250723109,0.0,0.5606375744340787,0.07771196535356,114.05507759658144,110.05028806993282,0.0,0.6663073464598176,0.4982739000699385,-36.60247392392998,-38.17423700237809,0.0,0.4205619347163785
GC03546,150.65755152051142,148.2245250723109,0.0,0.5606375744340787,0.07771196535356,114.0552528656435,110.05046333899487,0.0,0.6663073283308235,0.4982738677557388,-36.60229865486792,-38.17406173331604,0.0,0.4205619024021788
GC0100,46.52711732852311,58.08189295128888,0.0,0.103262660520951,0.6089363380948867,19.64614551758466,17.96805576669097,0.0,0.0886114137774073,0.6683871434835703,-26.88097181093845,-40.11383718459791,0.0,0.059450805388683636
C2574,87.56477683445007,81.8663889795928,0.009796142578125,1.0000460191147071,0.2247658630110842,66.0278696004144,61.30173784677734,0.0287353515625,1.000091873946051,0.4767323910036951,-21.536907234035667,-20.564651132815456,0.018939208984375,0.2519665279926109
GC6015,186.56301649228624,175.3877868197703,0.044891357421875,1.000050327942751,0.5467068499029109,166.55845305357863,160.4473355435466,0.034075927734375,0.9999557718760096,0.7241005919962752,-20.004563438707606,-14.940451276223712,-0.010815429687500003,0.17739374209336434
GC6015,186.56301649228624,175.3877868197703,0.044891357421875,1.000050327942751,0.5467068499029109,166.55850826295597,160.44739075292395,0.034075927734375,0.9999537580567306,0.7240994673951108,-20.00450822933027,-14.940396066846347,-0.010815429687500003,0.17739261749219992
GC3109,26.551075418892538,30.07660288449624,0.0,0.1257744184043669,0.2819483406468691,8.988090562199314,6.112587262726511,0.0,0.2185916652591809,0.2827573126966265,-17.562984856693223,-23.96401562176973,0.0,0.0008089720497574393
GC3109,26.551075418892538,30.07660288449624,0.0,0.1257744184043669,0.2819483406468691,8.988529530861165,6.113026231388362,0.0,0.2185830451271933,0.2823375470994781,-17.562545888031373,-23.96357665310788,0.0,0.00038920645260903663
GC2976,62.27254861922686,63.06417995918357,0.0,0.3890942557467606,0.4352095907451449,45.416010697685216,42.05084505184972,0.0,0.3157182626876692,0.4505264523590418,-16.856537921541644,-21.01333490733385,0.0,0.015316861613896893
GC2976,62.27254861922686,63.06417995918357,0.0,0.3890942557467606,0.4352095907451449,45.417737970112846,42.05257232427735,0.0,0.315709876592996,0.4505010171577384,-16.854810649114015,-21.01160763490622,0.0,0.015291426412593456
571-8,56.3066755142475,160.65718193963212,0.050537109375,1.0000962577777293,-0.0241456290581832,40.11137117447933,42.851573744633185,0.0,0.5225929503071404,-0.0293016841242004,-16.19530433976817,-117.80560819499894,-0.050537109375,-0.005156055066017202
GC6195,127.99360871367216,134.971999887714,0.01773681640625,0.999959946070012,0.0421759318142879,111.94209452737452,109.62233988588014,0.0205352783203125,1.000002106629175,0.2087519030700695,-16.051514186297638,-25.349660001833854,0.002798461914062498,0.1665759712557816
GC6195,127.99360871367216,134.971999887714,0.01773681640625,0.999959946070012,0.0421759318142879,111.94211510147514,109.62236045998075,0.0205352783203125,1.000001702029592,0.2087519038305287,-16.05149361219702,-25.349639427733237,0.002798461914062498,0.1665759720162408
GC3741,36.82271700697028,48.377492629736054,0.0,0.4912412088106645,0.4056748476249402,22.213458179716163,20.535368428822473,0.0,0.3910991010188808,0.5101073615673059,-14.609258827254116,-27.84212420091358,0.0,0.10443251394236563
GC3741,36.82271700697028,48.377492629736054,0.0,0.4912412088106645,0.4056748476249402,22.213604584324447,20.535514833430753,0.0,0.3911015397314036,0.5101110214315034,-14.609112422645833,-27.8419777963053,0.0,0.10443617380656323
GC2683,67.47728714765827,63.49833441967456,0.12392578125,0.9999019603346484,-0.4972915557610062,55.14825548961709,60.223341065090274,0.0,0.9526056506760054,-0.245728656322168,-12.329031658041181,-3.2749933545842893,-0.12392578125,0.2515628994388382
GC2683,67.47728714765827,63.49833441967456,0.12392578125,0.9999019603346484,-0.4972915557610062,55.14830932879621,60.22339490426939,0.0,0.9526273006368128,-0.2456845754404812,-12.328977818862064,-3.2749395154051726,-0.12392578125,0.251606980320525
GC00891,6.137959493789362,10.04358036944836,0.0,0.1313256509878668,-0.6854437104977382,-5.403146295061075,-3.840897944797476,0.0,0.2711138839837044,-0.9905199092167856,-11.541105788850437,-13.884478314245836,0.0,-0.30507619871904734
GC00891,6.137959493789362,10.04358036944836,0.0,0.1313256509878668,-0.6854437104977382,-5.403134850461979,-3.84088650019838,0.0,0.2711141254642942,-0.9905073103889588,-11.541094344251341,-13.88446686964674,0.0,-0.30506359989122056
GC12732,27.62560604267301,63.8997188202752,0.0,0.1739760050557056,0.2010093018782562,16.869610328855458,17.41561907625997,0.0,0.145692375303049,0.3874247868060755,-10.755995713817551,-46.484099744015225,0.0,0.1864154849278193
GC12732,27.62560604267301,63.8997188202752,0.0,0.1739760050557056,0.2010093018782562,16.869632653906034,17.415641401310545,0.0,0.1456920173070551,0.3874250378880525,-10.755973388766975,-46.48407741896465,0.0,0.1864157360097963
GC12732,27.62560604267301,63.8997188202752,0.0,0.1739760050557056,0.2010093018782562,16.869832565124817,17.41584131252933,0.0,0.1456921986058904,0.3874235052842414,-10.755773477548193,-46.483877507745866,0.0,0.18641420340598522
GC0300,78.34947760173966,81.87500506734337,0.0,0.3732854830178523,0.3985898349846304,68.33145002534407,65.45594672587127,0.0,0.435086851205146,0.4874323921383949,-10.018027576395596,-16.419058341472095,0.0,0.08884255715376449
GC0801,84.8713651380491,189.22187156343375,0.0953613281249999,0.9999871390497684,-0.0368723118723108,76.08616399291355,78.82636656306741,0.09207763671875,0.9999050644143164,0.3262845531417189,-8.785201145135545,-110.39550500036634,-0.0032836914062499,0.36315686501402966
GC0801,84.8713651380491,189.22187156343375,0.0953613281249999,0.9999871390497684,-0.0368723118723108,76.09383395477798,78.83403652493183,0.09117431640625,0.9999715883653044,0.323381510623956,-8.777531183271122,-110.38783503850192,-0.004187011718749897,0.3602538224962668
GC05918,1.4344679691925537,0.6400525523941951,0.0,0.0460590623917495,-0.4023882229669538,-6.720065258135715,6.2955019084782755,0.0,0.0197646448338394,-0.1729943634462818,-8.154533227328269,5.65544935608408,0.0,0.229393859520672
GC05918,1.4344679691925537,0.6400525523941951,0.0,0.0460590623917495,-0.4023882229669538,-6.720064073816014,6.295503092797977,0.0,0.019764648694619,-0.172811198961506,-8.154532043008567,5.655450540403782,0.0,0.2295770240054478
GC05918,1.4344679691925537,0.6400525523941951,0.0,0.0460590623917495,-0.4023882229669538,-6.720062065393346,6.295505101220645,0.0,0.0197646622819858,-0.1728245255669472,-8.1545300345859,5.6554525488264495,0.0,0.22956369740000662
GC0300,78.34947760173966,81.87500506734337,0.0,0.3732854830178523,0.3985898349846304,70.60871412204388,67.73321082257108,0.0,0.4461170800832829,0.4393058901322159,-7.7407634796957865,-14.141794244772285,0.0,0.04071605514758547
GC07089,26.265652290722837,241.4165857928428,0.0,0.1851471996691899,-0.3820679287424346,19.92107978813613,23.69573890326984,0.0,0.1435111632114427,0.0008544804446854,-6.344572502586708,-217.72084688957295,0.0,0.38292240918712
GC07089,26.265652290722837,241.4165857928428,0.0,0.1851471996691899,-0.3820679287424346,19.921090146221992,23.695749261355708,0.0,0.1435100864544545,0.0008337649419965,-6.344562144500845,-217.7208365314871,0.0,0.3829016936844311
GC07089,26.265652290722837,241.4165857928428,0.0,0.1851471996691899,-0.3820679287424346,19.921150646819207,23.695809761952923,0.0,0.1435109125809893,0.0008500719098015,-6.34450164390363,-217.72077603088988,0.0,0.38291800065223613
GC3992,40.28958336736859,38.3173375940064,0.017547607421875,0.9999344747685388,-0.4974142301706495,34.03104833400794,43.24215002466306,0.0,0.5948871083509563,-0.0744981168214001,-6.258535033360651,4.924812430656658,-0.017547607421875,0.4229161133492494
GC3992,40.28958336736859,38.3173375940064,0.017547607421875,0.9999344747685388,-0.4974142301706495,34.03106498923405,43.24216667988917,0.0,0.5948869685247704,-0.0744989553267882,-6.258518378134539,4.92482908588277,-0.017547607421875,0.4229152748438613
GC06983,71.32285443228943,99.65738765839392,0.0,0.7594245392377961,-0.2664147943812279,65.70964555382936,65.71012551093783,0.0,0.7768967649332937,0.0095957502584545,-5.613208878460071,-33.94726214745609,0.0,0.2760105446396824
GC06983,71.32285443228943,99.65738765839392,0.0,0.7594245392377961,-0.2664147943812279,65.70966564148846,65.71014559859692,0.0,0.7768983149479477,0.0095975734789629,-5.613188790800976,-33.94724205979699,0.0,0.2760123678601908
GC06983,71.32285443228943,99.65738765839392,0.0,0.7594245392377961,-0.2664147943812279,65.70970396373835,65.71018392084682,0.0,0.7768898367856122,0.00958936952047,-5.613150468551083,-33.9472037375471,0.0,0.2760041639016979
GC3769,46.452809861252206,261.6037433633722,0.0,0.2936385168082098,-0.0200766722122424,40.91790543278644,44.69256454792016,0.0,0.5508576121699363,0.5049772198561007,-5.534904428465765,-216.91117881545202,0.0,0.5250538920683431
GC3769,46.452809861252206,261.6037433633722,0.0,0.2936385168082098,-0.0200766722122424,40.91800542833155,44.69266454346526,0.0,0.5508735963983518,0.5049965868290229,-5.534804432920659,-216.91107881990692,0.0,0.5250732590412653
SO116-G012,47.773589639151155,95.69308762812904,0.0,0.7851064970512199,-0.3599265753209747,42.33076145058995,43.498560646181105,0.011138916015625,1.0000046581214692,0.233015890701019,-5.442828188561208,-52.19452698194793,0.011138916015625,0.5929424660219937
GC3972,24.689593068558075,21.663742138617614,0.0,0.4634036595168689,-0.5093851224166344,19.67585851257699,26.465518140600807,0.0,0.2058823856654129,0.3220669146853387,-5.013734555981085,4.8017760019831925,0.0,0.8314520371019731
GC3972,24.689593068558075,21.663742138617614,0.0,0.4634036595168689,-0.5093851224166344,19.67585983404702,26.465519462070837,0.0,0.2058828225170526,0.3220671666513547,-5.013733234511054,4.801777323453223,0.0,0.8314522890679891
GC0289,143.7112601586259,143.3303915274621,0.01280517578125,0.9999520838185092,0.4668866288844583,139.07917522778644,135.48948762186822,0.03265380859375,0.9999823840052728,0.6405553660537067,-4.632084930839454,-7.840903905593876,0.0198486328125,0.17366873716924836
GC0289,143.7112601586259,143.3303915274621,0.01280517578125,0.9999520838185092,0.4668866288844583,139.07972809251146,135.49004048659324,0.03265380859375,0.9999661610526692,0.6405471015584996,-4.631532066114431,-7.840351040868853,0.0198486328125,0.17366047267404128
571-V1,21.19099628477644,21.731894794223308,0.0,0.1276835181898518,-0.3629534308897161,16.733530722027464,36.949890125806206,0.0,0.1161042163462531,0.1789793469480119,-4.457465562748975,15.217995331582898,0.0,0.541932777837728
GC2998,65.79263703556408,170.14314346094872,0.0,0.920449766491212,-0.4202416126731521,61.60314711891677,64.34334968907064,0.00882568359375,0.999903957974102,0.4066631080448863,-4.189489916647311,-105.79979377187809,0.00882568359375,0.8269047207180384
GC06446,45.2807679900044,73.6153012161089,0.0,0.2575209539656966,0.150447882544985,41.799188385051025,41.7996683421595,0.0,0.2323424551299012,0.1666348402246167,-3.4815796049533745,-31.815632873949404,0.0,0.016186957679631686
GC06446,45.2807679900044,73.6153012161089,0.0,0.2575209539656966,0.150447882544985,41.79919560187017,41.799675558978635,0.0,0.2323423593294873,0.1666333077511922,-3.481572388134232,-31.81562565713027,0.0,0.016185425206207193
GC06446,45.2807679900044,73.6153012161089,0.0,0.2575209539656966,0.150447882544985,41.80816045995627,41.808640417064744,0.0,0.232371290546785,0.167087639111609,-3.47260753004813,-31.80666079904416,0.0,0.016639756566624003
GC3893,44.36791301436581,41.34206208442535,0.02333984375,0.9999078122435764,-0.4071544128951223,41.0571935948282,47.84685322285202,0.0,0.6264741529140341,0.1230820768826897,-3.3107194195376124,6.504791138426668,-0.02333984375,0.530236489777812
GC3893,44.36791301436581,41.34206208442535,0.02333984375,0.9999078122435764,-0.4071544128951223,41.05740142630766,47.84706105433147,0.0,0.6265684094732901,0.123001486779896,-3.310511588058148,6.504998969906119,-0.02333984375,0.5301558996750183
583-4,24.611744755939966,239.76267825805996,0.0,0.3577697800085606,-0.4116871159155566,22.12775419272169,25.9024133078554,0.0,0.1921701848738545,-0.1672443236452824,-2.4839905632182777,-213.86026495020457,0.0,0.2444427922702742
GC5585,80.98296499881467,86.12550361841213,0.1830322265625,1.0000017306282765,-0.0372783888670106,78.58486528858191,75.97791312508487,0.081231689453125,0.9999849178806932,0.6094550003458515,-2.3980997102327564,-10.147590493327257,-0.101800537109375,0.6467333892128622
GC5585,80.98296499881467,86.12550361841213,0.1830322265625,1.0000017306282765,-0.0372783888670106,78.58506724338451,75.97811507988747,0.081231689453125,0.9999792898886822,0.6094613236269854,-2.397897755430151,-10.147388538524652,-0.101800537109375,0.646739712493996
GC5907,75.62494028072318,93.6805504890588,0.0145782470703125,1.00000030787543,-0.026837972690205,73.98977478173023,73.06916172220733,0.02208251953125,0.9999728317011608,0.5739783585801759,-1.6351654989929472,-20.611388766851476,0.007504272460937501,0.6008163312703809
GC5005,79.24142320932401,101.7662770589338,0.0,0.0635327733137534,-0.5849733257582657,78.01342283140715,77.52885887674557,0.0,0.0588666016612518,-0.0996840337048814,-1.2280003779168567,-24.23741818218822,0.0,0.4852892920533843
GC5005,79.24142320932401,101.7662770589338,0.0,0.0635327733137534,-0.5849733257582657,78.01343219123092,77.52886823656934,0.0,0.0588666016898834,-0.0996840318791657,-1.2279910180930926,-24.237408822364458,0.0,0.48528929387909997
GC05716,16.735681473864176,231.88661497598417,0.0,0.4939695855593955,-0.3574920499433888,15.753389352082,19.52804846721571,0.012158203125,0.999947209315512,0.5050140130261467,-0.9822921217821765,-212.35856650876846,0.012158203125,0.8625060629695355
GC05716,16.735681473864176,231.88661497598417,0.0,0.4939695855593955,-0.3574920499433888,15.75349865208143,19.52815776721514,0.012158203125,0.9999337347277426,0.5049899080356555,-0.9821828217827466,-212.35845720876904,0.012158203125,0.8624819579790443
GC05716,16.735681473864176,231.88661497598417,0.0,0.4939695855593955,-0.3574920499433888,15.753529486571152,19.528188601704866,0.012158203125,0.9999544458030676,0.5050266509460207,-0.9821519872930242,-212.3584263742793,0.012158203125,0.8625187008894095
GC4100,103.54170099306796,108.68423961266542,0.0,0.6147707264861463,0.5471253719600779,102.908994659597,100.30204249609996,0.0,0.9632598359821356,0.6232518442233389,-0.6327063334709635,-8.382197116565465,0.0,0.07612647226326097
GC4100,103.54170099306796,108.68423961266542,0.0,0.6147707264861463,0.5471253719600779,102.9095856693239,100.30263350582686,0.0,0.9632612997827,0.6232518679681668,-0.6321153237440598,-8.38160610683856,0.0,0.07612649600808885
GC0055,27.903446500745932,39.4582221235117,0.0,0.1607175243993333,0.1109733773885163,27.346710486888448,25.66862073599475,0.0,0.2754921127247966,0.3323826619053688,-0.5567360138574848,-13.789601387516953,0.0,0.2214092845168525
GC5907,75.62494028072318,93.6805504890588,0.0145782470703125,1.00000030787543,-0.026837972690205,75.25131293981487,74.33069988029197,0.0205810546875,0.99992287983754,0.3727826765097646,-0.37362734090831395,-19.34985060876683,0.0060028076171875,0.3996206491999696
GC3953,24.78202932915445,23.987613912356093,0.0,0.2815051245118115,-0.6819770827266465,24.79339637550546,37.80896354211945,0.0,0.3414531761883443,0.0534209040248557,0.01136704635100827,13.821349629763358,0.0,0.7353979867515021
GC3953,24.78202932915445,23.987613912356093,0.0,0.2815051245118115,-0.6819770827266465,24.793450089706013,37.80901725632,0.0,0.3414287154455306,0.0539361086652834,0.011420760551562381,13.821403343963905,0.0,0.7359131913919299
GC1090,104.26457963759344,109.4071182571909,0.0,0.9259332714462908,-0.0447194183225919,104.5793997453602,101.97244758186316,0.0239990234375,1.0000228355724965,0.4889415666130012,0.3148201077667636,-7.434670675327737,0.0239990234375,0.5336609849355931
GC1090,104.26457963759344,109.4071182571909,0.0,0.9259332714462908,-0.0447194183225919,104.58088154968608,101.97392938618904,0.0239990234375,1.0000220415975185,0.4889413686813605,0.3163019120926407,-7.43318887100186,0.0239990234375,0.5336607870039524
GC06399,13.248770012077664,11.276524238715467,0.0,0.0889297041986996,-0.1620084036746972,13.783263737955112,22.994365428610234,0.0,0.1140829620003257,0.2400884559002688,0.5344937258774483,11.717841189894767,0.0,0.402096859574966
GC06399,13.248770012077664,11.276524238715467,0.0,0.0889297041986996,-0.1620084036746972,13.78331963493108,22.9944213255862,0.0,0.114083208895785,0.2400817621311259,0.534549622853417,11.717897086870732,0.0,0.40209016580582313
GC06399,13.248770012077664,11.276524238715467,0.0,0.0889297041986996,-0.1620084036746972,13.78337629358668,22.994477984241804,0.0,0.1140832027859055,0.2400865931284863,0.5346062815090171,11.717953745526337,0.0,0.4020949968031835
GC07125,20.93086049213743,125.28136691752206,0.0,0.3459467778570208,-0.1239257147183088,21.54770460707784,24.287907177231695,0.0,0.5680277318609429,0.3931366656764122,0.6168441149404096,-100.99345974029038,0.0,0.517062380394721
GC07125,20.93086049213743,125.28136691752206,0.0,0.3459467778570208,-0.1239257147183088,21.547733438957167,24.28793600911102,0.0,0.568026514696879,0.3931423122961653,0.6168729468197363,-100.99343090841104,0.0,0.5170680270144741
GC07125,20.93086049213743,125.28136691752206,0.0,0.3459467778570208,-0.1239257147183088,21.547740847653813,24.287943417807668,0.0,0.568026555146675,0.3931591329781757,0.6168803555163827,-100.9934234997144,0.0,0.5170848476964844
GC12506,112.72373250208356,109.38386045723207,0.0,0.097037166102341,0.0394899891061747,113.7490636552467,109.55157637576764,0.0,0.157320095103928,0.5061005844272294,1.0253311531631368,0.16771591853556345,0.0,0.4666105953210547
GC12506,112.72373250208356,109.38386045723207,0.0,0.097037166102341,0.0394899891061747,113.81900565944238,109.62151837996332,0.0,0.1573126197759968,0.5055607728419762,1.0952731573588181,0.23765792273124475,0.0,0.4660707837358015
564-8,-9.09581907431854,-7.01341376659909,0.0,0.0176055873944448,-0.8092685978162835,-7.965746011560279,32.8672161115275,0.0,0.0663445100452438,-0.2409024142335692,1.1300730627582602,39.880629878126584,0.0,0.5683661835827143
GC12506,112.72373250208356,109.38386045723207,0.0,0.097037166102341,0.0394899891061747,113.89447788050836,109.69699060102931,0.0,0.1573108417016088,0.5054681046984698,1.1707453784247974,0.31313014379723825,0.0,0.46597811559229513
GC4217,95.60731653956628,113.66292674790188,0.0260498046875,0.9999254968272944,0.3216787643733385,97.02769672332684,96.10708366380392,0.06083984375,1.0000576431120305,0.3731122223027116,1.4203801837605567,-17.55584308409796,0.0347900390625,0.05143345792937315
GC4217,95.60731653956628,113.66292674790188,0.0260498046875,0.9999254968272944,0.3216787643733385,97.02769700919684,96.10708394967392,0.06083984375,1.0000621593090395,0.3731102218659825,1.4203804696305582,-17.555842798227957,0.0347900390625,0.05143145749264405
GC06667,12.637712312940367,10.665466539578173,0.0,0.2315344572531702,-0.5514253329553418,14.688739127016204,23.89984081767133,0.0,0.2937574601872869,0.4046624010881204,2.0510268140758363,13.234374278093156,0.0,0.9560877340434621
GC06667,12.637712312940367,10.665466539578173,0.0,0.2315344572531702,-0.5514253329553418,14.688765998645344,23.899867689300464,0.0,0.2937615585642121,0.4046647709881352,2.051053685704977,13.234401149722292,0.0,0.956090103943477
GC06667,12.637712312940367,10.665466539578173,0.0,0.2315344572531702,-0.5514253329553418,14.68876615769848,23.8998678483536,0.0,0.2937583712261068,0.4046634889275248,2.051053844758112,13.234401308775428,0.0,0.9560888218828666
579-V1,22.904692396893225,89.84745243407397,0.0,0.0202262049112074,0.1203437182676344,25.250181284152887,27.138396410136295,0.0,0.0408412703351267,0.1060395610190798,2.3454888872596626,-62.70905602393768,0.0,-0.014304157248554605
GC2955,125.49663522544374,130.6391738450412,0.02232666015625,1.0000550371962422,0.1513978473568361,127.9373095986976,125.33035743520055,0.036700439453125,1.000063281922253,0.384171912229344,2.440674373253856,-5.308816409840645,0.014373779296874997,0.2327740648725079
GC2955,125.49663522544374,130.6391738450412,0.02232666015625,1.0000550371962422,0.1513978473568361,127.93732190609629,125.33036974259925,0.036700439453125,1.0000633736886382,0.384171884517839,2.440686680652547,-5.308804102441954,0.014373779296874997,0.23277403716100292
GC4013,126.77008601231364,119.73489662775256,0.0,0.3874529663874759,0.6606580338527972,129.96457811185,124.9208249386707,0.0,0.7736139666296827,0.8046109087148517,3.1944920995363475,5.185928310918143,0.0,0.14395287486205455
GC4013,126.77008601231364,119.73489662775256,0.0,0.3874529663874759,0.6606580338527972,129.96457906769444,124.92082589451516,0.0,0.7736139663116297,0.8046109066869378,3.1944930553808035,5.185929266762599,0.0,0.1439528728341406
GC2998,65.79263703556408,170.14314346094872,0.0,0.920449766491212,-0.4202416126731521,69.04310775721605,71.7833103273699,0.00882568359375,0.9999400304541364,0.4066895890593041,3.250470721651965,-98.35983313357882,0.00882568359375,0.8269312017324562
583-1,72.93962106293588,76.46514852853959,0.0,0.1475807916614421,-0.0345746812679443,76.9671550752109,74.0916517757381,0.0,0.3983659771887367,0.4553082067607526,4.027534012275012,-2.3734967528014863,0.0,0.48988288802869695
GC5033,71.34891852207956,80.43849398849639,0.0,0.7403818005819973,0.2358193082224484,75.55195343695391,73.54072479999122,0.0166305541992187,0.9999968107370582,0.7116170755516149,4.203034914874351,-6.8977691885051655,0.0166305541992187,0.4757977673291665
GC5033,71.34891852207956,80.43849398849639,0.0,0.7403818005819973,0.2358193082224484,75.55196148858481,73.54073285162214,0.0166305541992187,0.9999980049771298,0.711617119471928,4.203042966505251,-6.8977611368742515,0.0166305541992187,0.47579781124947956
GC08550,12.800408302295477,8.821455574311768,0.0,0.7788923327132187,-0.1994605855657382,17.156185445468356,22.23127102094154,0.0,0.694712994425067,-0.0804050904212615,4.35577714317288,13.409815446629773,0.0,0.1190554951444767
GC08550,12.800408302295477,8.821455574311768,0.0,0.7788923327132187,-0.1994605855657382,17.15630929684291,22.231394872316095,0.0,0.694873673440952,-0.0805141039483405,4.355900994547433,13.409939298004327,0.0,0.1189464816173977
GC08550,12.800408302295477,8.821455574311768,0.0,0.7788923327132187,-0.1994605855657382,17.163552091802487,22.238637667275672,0.0,0.6946474493929987,-0.0803854491077353,4.36314378950701,13.417182092963904,0.0,0.1190751364580029
GC00731,9.58883975793479,224.7397732600548,0.0,0.2182215432501193,-0.578578598054773,14.167004032663211,17.941663147796927,0.0,0.3226173059090301,0.1403355343496544,4.578164274728421,-206.79811011225786,0.0,0.7189141324044274
GC00731,9.58883975793479,224.7397732600548,0.0,0.2182215432501193,-0.578578598054773,14.167022768198237,17.941681883331952,0.0,0.3226104058280369,0.1403332000970541,4.578183010263446,-206.79809137672282,0.0,0.718911798151827
568-V1,50.28671079060767,98.20620877958557,0.0,0.0730357983922256,0.1302764426076562,55.08286225650576,56.250661452096914,0.0,0.1026987147337151,0.4464896788941515,4.796151465898092,-41.95554732748865,0.0,0.3162132362864953
GC07524,40.49436381838456,37.15449177353311,0.0,0.1720883210541396,0.0409979214738409,45.52936299938309,41.33187571990404,0.0,0.3225820176408209,0.6575153281404771,5.034999180998533,4.177383946370931,0.0,0.6165174066666362
GC07524,40.49436381838456,37.15449177353311,0.0,0.1720883210541396,0.0409979214738409,45.52967252496872,41.33218524548967,0.0,0.3225784535971558,0.6574964341523841,5.035308706584161,4.177693471956559,0.0,0.6164985126785433
GC07524,40.49436381838456,37.15449177353311,0.0,0.1720883210541396,0.0409979214738409,45.529700190718906,41.33221291123986,0.0,0.3225618840813116,0.6573810079799518,5.035336372334349,4.177721137706747,0.0,0.616383086506111
GC07608,7.229184628434464,6.434769211636105,0.0,0.0327962842475181,-0.2919523915996395,13.59168008587772,26.60724725249171,0.0,0.0862936814417908,0.01272801088405,6.362495457443256,20.172478040855605,0.0,0.3046804024836895
GC07608,7.229184628434464,6.434769211636105,0.0,0.0327962842475181,-0.2919523915996395,13.591694738605682,26.607261905219673,0.0,0.0862937884342734,0.0127193847681209,6.362510110171218,20.172492693583568,0.0,0.3046717763677604
GC07608,7.229184628434464,6.434769211636105,0.0,0.0327962842475181,-0.2919523915996395,13.59176779270614,26.607334959320127,0.0,0.0862940077168157,0.0127146828647256,6.362583164271676,20.172565747684022,0.0,0.3046670744643651
GC4389,10.400954471026305,12.483359778745754,0.0,0.0406385313594451,-0.8815033749799622,16.967866460144325,57.800828583232104,0.0,0.2686659983194879,-0.3276768537630177,6.5669119891180205,45.31746880448635,0.0,0.5538265212169445
GC4389,10.400954471026305,12.483359778745754,0.0,0.0406385313594451,-0.8815033749799622,16.967940923957613,57.800903047045395,0.0,0.2686662383794862,-0.3276667635048156,6.5669864529313084,45.317543268299644,0.0,0.5538366114751466
GC01230,50.81272788924498,46.83377516126128,0.0,0.65665767447566,0.450949627587823,57.60842346491524,62.68350904038842,0.05791015625,0.9999875577470762,0.423231453185951,6.795695575670258,15.849733879127143,0.05791015625,-0.027718174401871964
GC01230,50.81272788924498,46.83377516126128,0.0,0.65665767447566,0.450949627587823,57.608480823710806,62.68356639918399,0.05791015625,0.9999776828400008,0.4232289814404329,6.795752934465824,15.849791237922709,0.05791015625,-0.02772064614739006
SO444-G084,12.519647144287417,13.060545653734284,0.0,0.1475571811122896,-0.5026057321156819,19.44661217572052,39.66297157949927,0.0141845703125,1.0000009769448328,0.1892617678970649,6.926965031433104,26.602425925764987,0.0141845703125,0.6918675000127468
SO079-G014,59.42894345254725,107.34844144152514,0.0,0.387042259484741,-0.28865097490622,66.80222233347689,67.97002152906805,0.0246826171875,0.999979438588054,0.6227771454864884,7.3732788809296395,-39.37841991245709,0.0246826171875,0.9114281203927084
GC3949,10.257331035431852,10.79822954487872,0.0,0.0080940037094711,-0.7226268636809764,18.283586780664532,38.49994618444328,0.0,0.2010130244230532,-0.341449306221495,8.02625574523268,27.70171663956456,0.0,0.3811775574594814
GC3949,10.257331035431852,10.79822954487872,0.0,0.0080940037094711,-0.7226268636809764,18.283830539749975,38.50018994352872,0.0,0.2009682441027891,-0.3417775735034573,8.026499504318123,27.701960398649994,0.0,0.3808492901775191
GC05005,12.172702819116155,8.193750091132449,0.0,0.0300926356347697,-0.100492422768167,20.23701294519185,25.312098520665035,0.0,0.0414786345894859,0.1737679551002003,8.064310126075695,17.11834842953259,0.0,0.2742603778683673
GC05005,12.172702819116155,8.193750091132449,0.0,0.0300926356347697,-0.100492422768167,20.23703991238004,25.312125487853223,0.0,0.0414787416966462,0.1737656127742899,8.064337093263886,17.118375396720772,0.0,0.27425803554245687
GC05005,12.172702819116155,8.193750091132449,0.0,0.0300926356347697,-0.100492422768167,20.237048590459366,25.31213416593255,0.0,0.0414749951207566,0.1738560192818614,8.064345771343211,17.118384074800105,0.0,0.2743484420500284
GC3877,60.47870945670037,164.829215882085,0.0,0.975428431509219,0.3669499163116643,68.55234082915086,71.29254339930472,0.0506347656249999,0.999930184768159,0.5650971325357945,8.073631372450492,-93.53667248278029,0.0506347656249999,0.19814721622413023
GC3877,60.47870945670037,164.829215882085,0.0,0.975428431509219,0.3669499163116643,68.55371162814109,71.29391419829494,0.0506347656249999,1.0000627235839066,0.565071750971787,8.075002171440715,-93.53530168379007,0.0506347656249999,0.19812183466012268
GC07261,-5.835798901663409,-5.29490039221654,0.0,0.0058900261932162,-0.8140579742123035,2.2830533900437,22.499412793822447,0.0,0.0331953693975503,-0.2032916763041633,8.118852291707109,27.794313186038988,0.0,0.6107662979081402
GC07261,-5.835798901663409,-5.29490039221654,0.0,0.0058900261932162,-0.8140579742123035,2.283070272729682,22.499429676508427,0.0,0.0331953660392397,-0.2033496842191348,8.11886917439309,27.794330068724967,0.0,0.6107082899931687
GC07261,-5.835798901663409,-5.29490039221654,0.0,0.0058900261932162,-0.8140579742123035,2.2830755415026633,22.49943494528141,0.0,0.0331953658194208,-0.2033280888702945,8.118874443166073,27.79433533749795,0.0,0.610729885342009
GCA281,-8.393352055629897,-7.852453546183028,0.0,0.0222187891474345,-0.6425709829191475,-0.1504534856817976,20.06590591809695,0.0,0.2459129587435046,-0.2872110828461613,8.2428985699481,27.918359464279977,0.0,0.3553599000729862
GCA281,-8.393352055629897,-7.852453546183028,0.0,0.0222187891474345,-0.6425709829191475,-0.1493420861074854,20.06701731767126,0.0,0.2459148093739753,-0.2872822848993929,8.244009969522413,27.91947086385429,0.0,0.3552886980197546
GCA281,-8.393352055629897,-7.852453546183028,0.0,0.0222187891474345,-0.6425709829191475,-0.1490282408241814,20.067331162954567,0.0,0.2459149020547575,-0.2872855583123148,8.244323814805716,27.919784709137595,0.0,0.3552854246068327
GC12632,2.952465636375507,50.8719636253534,0.0,0.0653908444518071,-0.3954053060325867,11.477843715685506,12.645642911276664,0.0,0.0931930168299967,0.1580730181046027,8.525378079309998,-38.226320714076735,0.0,0.5534783241371894
GC12632,2.952465636375507,50.8719636253534,0.0,0.0653908444518071,-0.3954053060325867,11.481050193480764,12.648849389071923,0.0,0.0931924869864313,0.1580718043118935,8.528584557105257,-38.223114236281475,0.0,0.5534771103444802
GC12632,2.952465636375507,50.8719636253534,0.0,0.0653908444518071,-0.3954053060325867,11.481057585760547,12.648856781351707,0.0,0.0931930017802733,0.1580735487299537,8.52859194938504,-38.22310684400169,0.0,0.5534788547625404
DO168,21.80711909620905,18.78126816626859,0.044976806640625,0.9999950332561924,-0.5042738369463392,30.95785744679789,37.74751707482171,0.070733642578125,1.000013676080775,0.6049453882440399,9.150738350588842,18.96624890855312,0.025756835937500007,1.1092192251903792
GC07690,9.06818320068436,9.609081710131228,0.0,0.0854022734174523,-0.3293458919125735,18.68072244231609,38.897081846094835,0.0,0.5958051033058476,-0.1912815613899766,9.61253924163173,29.288000135963607,0.0,0.13806433052259692
GC07690,9.06818320068436,9.609081710131228,0.0,0.0854022734174523,-0.3293458919125735,18.680735959384755,38.8970953631635,0.0,0.5958032636822831,-0.191280939597868,9.612552758700396,29.288013653032273,0.0,0.13806495231470553
GC07690,9.06818320068436,9.609081710131228,0.0,0.0854022734174523,-0.3293458919125735,18.68083588440879,38.89719528818753,0.0,0.5958063455287054,-0.1912804637779762,9.61265268372443,29.288113578056304,0.0,0.13806542813459732
GC0024,86.5623398838373,85.11160380619478,0.0,0.2862084009954463,0.5381164265573223,96.19768345569632,92.3951668024171,0.0,0.4077821031371245,0.6088566417241987,9.635343571859025,7.283562996222315,0.0,0.07074021516687645
GC51017,-27.801812535267533,-25.71940722754808,0.0,0.0007094547914544,-1.17605496052723,-18.02615782024595,22.806804302841833,0.0,0.0108606382936811,-0.249894746584776,9.775654715021584,48.526211530389915,0.0,0.9261602139424538
GC51017,-27.801812535267533,-25.71940722754808,0.0,0.0007094547914544,-1.17605496052723,-18.026116021801226,22.80684610128656,0.0,0.010860639128673,-0.2498933831908511,9.775696513466308,48.52625332883464,0.0,0.9261615773363788
GC3917,65.37717090253989,93.7117041286444,0.01912841796875,1.000064363519006,0.3105561035748683,75.31116038254241,75.31164033965088,0.1842041015625,1.0000595053190724,0.2974397260544696,9.933989480002523,-18.40006378899352,0.16507568359375,-0.013116377520398681
GC3917,65.37717090253989,93.7117041286444,0.01912841796875,1.000064363519006,0.3105561035748683,75.32489227359954,75.32537223070801,0.1842041015625,1.000054464918297,0.2974456894677922,9.947721371059657,-18.386331897936387,0.16507568359375,-0.013110414107076085
GC11820,22.19949552693164,19.173644596991178,0.0,0.4997628287687697,-0.581634542898596,32.29652487574688,39.086184503770696,0.0,0.6334914451378619,0.2834012923159436,10.097029348815244,19.912539906779518,0.0,0.8650358352145395
GC11820,22.19949552693164,19.173644596991178,0.0,0.4997628287687697,-0.581634542898596,32.29682177095113,39.086481398974946,0.0,0.633483303327619,0.2833923701791883,10.097326244019488,19.91283680198377,0.0,0.8650269130777842
GC11820,22.19949552693164,19.173644596991178,0.0,0.4997628287687697,-0.581634542898596,32.29703286836572,39.08669249638953,0.0,0.6334894712923644,0.2833963014300805,10.09753734143408,19.913047899398354,0.0,0.8650308443286765
GC4088,39.0345565264097,254.1854900285297,0.0,0.3247748404217533,-0.3033150443468373,49.638237910638374,53.41289702577209,0.0,0.5632872325975674,-0.158517680484004,10.603681384228672,-200.77259300275762,0.0,0.14479736386283332
GC4088,39.0345565264097,254.1854900285297,0.0,0.3247748404217533,-0.3033150443468373,49.638643257326045,53.41330237245976,0.0,0.563288415362115,-0.1585615461480317,10.604086730916343,-200.77218765606995,0.0,0.14475349819880562
GC11557,38.037612075375726,253.18854557749572,0.0,0.2669617856872365,0.403992599344488,48.89128081317299,52.665939928306706,0.0,0.6334949784931135,0.6031782075396513,10.853668737797264,-200.52260564918902,0.0,0.19918560819516334
GC11557,38.037612075375726,253.18854557749572,0.0,0.2669617856872365,0.403992599344488,48.891325092728515,52.66598420786223,0.0,0.6334971846770028,0.6031800338239922,10.853713017352788,-200.52256136963348,0.0,0.1991874344795042
GC11557,38.037612075375726,253.18854557749572,0.0,0.2669617856872365,0.403992599344488,48.89142766292124,52.666086778054954,0.0,0.6334834747943292,0.6031694535853299,10.853815587545512,-200.52245879944076,0.0,0.19917685424084192
GC0891,77.27445204721815,99.79930589682792,0.0,0.6274060111869463,0.121937556869538,88.25909287984047,87.77452892517888,0.018695068359375,1.000008216345012,0.4339355702106867,10.984640832622318,-12.024776971649032,0.018695068359375,0.3119980133411487
GC0891,77.27445204721815,99.79930589682792,0.0,0.6274060111869463,0.121937556869538,88.25909739432846,87.77453343966688,0.018695068359375,1.000021426691267,0.4339749113548987,10.984645347110316,-12.024772457161035,0.018695068359375,0.3120373544853607
GC02885,75.26736969661327,93.32297990494888,0.0,0.2354586417870982,-0.3319985894653436,86.3480171452957,85.42740408577279,0.0,0.6776829001092154,0.1479328256791993,11.080647448682427,-7.895575819176088,0.0,0.4799314151445429
GC02885,75.26736969661327,93.32297990494888,0.0,0.2354586417870982,-0.3319985894653436,86.34811450775291,85.42750144823002,0.0,0.6776822258210182,0.1479306112360739,11.080744811139638,-7.8954784567188625,0.0,0.47992920070141754
GC07323,7.424270419710121,4.39841948976966,0.0,0.1402846127063742,-0.5278220075531018,18.648408747671443,25.43806837569526,0.0,0.2762416364435628,0.2398835685131901,11.224138327961322,21.0396488859256,0.0,0.7677055760662919
GC07323,7.424270419710121,4.39841948976966,0.0,0.1402846127063742,-0.5278220075531018,18.648549117052298,25.43820874507611,0.0,0.276241290417119,0.239885409121893,11.224278697342177,21.039789255306452,0.0,0.7677074166749949
GC07323,7.424270419710121,4.39841948976966,0.0,0.1402846127063742,-0.5278220075531018,18.648626261522143,25.438285889545963,0.0,0.2762421491690174,0.2398807965287408,11.224355841812022,21.0398663997763,0.0,0.7677028040818427
GC7331,101.76307673452996,94.72788734996888,0.0,0.2442823391789993,0.3313249501572118,113.04288096036298,107.99912778718372,0.0,0.7089101024248887,0.7612578350547767,11.279804225833018,13.271240437214843,0.0,0.4299328848975649
GC7331,101.76307673452996,94.72788734996888,0.0,0.2442823391789993,0.3313249501572118,113.04612310892328,108.002369935744,0.0,0.7089099359395675,0.7612578330036627,11.283046374393322,13.274482585775118,0.0,0.42993288284645087
DO064,27.481089737115575,94.42384977429631,0.0,0.1673931993450296,-0.1534044123014603,39.03033816057896,40.91855328656237,0.0,0.3916897776036504,0.6410680738355082,11.549248423463382,-53.50529648773394,0.0,0.7944724861369685
GC00191,25.2582188707121,23.285973097349903,0.066851806640625,1.0000105996675754,-0.6606004531772627,36.92837934045058,46.1394810311057,0.09365234375,0.9999792343704592,0.4442548918211202,11.670160469738484,22.8535079337558,0.02680053710937501,1.104855344998383
GC00191,25.2582188707121,23.285973097349903,0.066851806640625,1.0000105996675754,-0.6606004531772627,36.92859571045166,46.13969740110678,0.09365234375,0.9999568841635024,0.4442206787920082,11.67037683973956,22.853724303756877,0.02680053710937501,1.104821131969271
GC04483,0.8910559643296949,0.0966405475313365,0.0,0.1803660094785099,-0.1210341517731019,12.625092315413484,25.640659482027473,0.0,0.9097277280036984,0.1544300771146663,11.73403635108379,25.544018934496137,0.0,0.2754642288877682
GC04483,0.8910559643296949,0.0966405475313365,0.0,0.1803660094785099,-0.1210341517731019,12.625095089131626,25.640662255745617,0.0,0.9097188355769033,0.1544422909278531,11.734039124801932,25.54402170821428,0.0,0.275476442700955
GC04483,0.8910559643296949,0.0966405475313365,0.0,0.1803660094785099,-0.1210341517731019,12.625104442708238,25.64067160932223,0.0,0.9097292187884723,0.15442836622504,11.734048478378543,25.544031061790893,0.0,0.2754625179981419
GC4183,43.581574828218365,50.5599660022602,0.0,0.073752602412668,-0.0012921145945526,55.50431486825189,53.18456022675751,0.0,0.1833519911007479,0.6235704007607262,11.922740040033524,2.624594224497315,0.0,0.6248625153552788
GC4183,43.581574828218365,50.5599660022602,0.0,0.073752602412668,-0.0012921145945526,55.5044223487961,53.18466770730172,0.0,0.1833524102697116,0.623573699033043,11.922847520577733,2.624701705041524,0.0,0.6248658136275956
561-1,11.687118342242206,13.769523649961656,0.0,0.0473693706571798,0.0013770381427492,23.661623034182988,64.49458515727076,0.0,0.584248067012866,0.0136643837590153,11.974504691940782,50.72506150730911,0.0,0.0122873456162661
GC3521,129.01167201233807,119.20928467862832,0.0,0.0709097627339904,0.3393245164340869,141.05606673993552,135.3128895842294,0.0,0.2662776439151386,0.8281838796653872,12.04439472759745,16.103604905601074,0.0,0.4888593632313003
GC3521,129.01167201233807,119.20928467862832,0.0,0.0709097627339904,0.3393245164340869,141.0560764288068,135.31289927310067,0.0,0.2662727132837636,0.8281857934642668,12.044404416468723,16.103614594472347,0.0,0.4888612770301799
GC3726,43.61323639584431,258.7641698979643,0.0,0.848719165450176,-0.6137024678667814,55.831817825212575,59.60647694034629,0.043243408203125,1.0000519242613404,0.4494344730110159,12.218581429368264,-199.157692957618,0.043243408203125,1.0631369408777973
GC3726,43.61323639584431,258.7641698979643,0.0,0.848719165450176,-0.6137024678667814,55.83183792426687,59.60649703940059,0.043243408203125,1.0000618950402422,0.4494395497181093,12.21860152842256,-199.1576728585637,0.043243408203125,1.0631420175848907
K98-251,-1.7106308230798746,46.20886716589803,0.0,0.1100202402263188,-0.2072535126979351,10.638228875694224,11.806028071285384,0.0,0.3312580410049222,0.6464857891324943,12.348859698774099,-34.402839094612645,0.0,0.8537393018304295
GC7814,26.48997859800847,49.01483244761825,0.0,0.0301721332879349,-0.3127171405802136,38.90771292460305,38.423148969941465,0.0,0.3666951980107671,0.6769836412427943,12.417734326594577,-10.591683477676781,0.0,0.9897007818230079
GC7814,26.48997859800847,49.01483244761825,0.0,0.0301721332879349,-0.3127171405802136,38.90778893536769,38.42322498070611,0.0,0.3666952561871691,0.6769835735489467,12.41781033735922,-10.591607466912137,0.0,0.9897007141291603
GC05721,67.54136496979653,74.51975614383836,0.0,0.3443340937097847,0.4567621379352942,80.22862401037195,77.90886936887757,0.0,0.9412511635663732,0.6111026212290519,12.687259040575412,3.3891132250392104,0.0,0.1543404832937577
GC05721,67.54136496979653,74.51975614383836,0.0,0.3443340937097847,0.4567621379352942,80.22916653545384,77.90941189395947,0.0,0.9412518780629952,0.611105078322418,12.68780156565731,3.3896557501211078,0.0,0.15434294038712382
GC05721,67.54136496979653,74.51975614383836,0.0,0.3443340937097847,0.4567621379352942,80.22936851180101,77.90961387030664,0.0,0.9412446198845884,0.6111002147930404,12.68800354200448,3.3898577264682785,0.0,0.15433807685774625
GC05764,21.964635946724652,18.93878501678419,0.053106689453125,1.0000263366062343,-0.2064606374120744,34.69781754439302,41.48747717241683,0.09093017578125,1.0000303767282517,0.7008372837065812,12.733181597668366,22.54869215563264,0.037823486328124996,0.9072979211186556
GC05764,21.964635946724652,18.93878501678419,0.053106689453125,1.0000263366062343,-0.2064606374120744,34.69784722224378,41.4875068502676,0.09093017578125,1.0000218468258326,0.7008044918336178,12.733211275519128,22.54872183348341,0.037823486328124996,0.9072651292456922
GC05764,21.964635946724652,18.93878501678419,0.053106689453125,1.0000263366062343,-0.2064606374120744,34.69805087526852,41.48771050329234,0.09093017578125,1.0000198205234148,0.7007962100616294,12.73341492854387,22.54892548650815,0.037823486328124996,0.9072568474737038
GC6503,47.23779468802346,43.897922643172,0.0,0.6204526924822181,0.3394985863377189,60.56456729417516,56.36708001469612,0.0060546875,1.0000618839355186,0.3586191852168934,13.3267726061517,12.469157371524119,0.0060546875,0.0191205988791745
DO161,21.167592025005113,17.827719980153653,0.0,0.1555698747155139,0.465129096702731,34.62487716894349,30.427389889464447,0.0,0.361933699091404,0.6987364886760932,13.457285143938378,12.599669909310794,0.0,0.23360739197336217
GC4138,24.87474941027824,25.41564791972511,0.0,0.0458939842180135,-0.7287864463568204,38.337455993307465,58.55381539708621,0.00615234375,1.0000293313503628,-0.0711423530473993,13.462706583029224,33.1381674773611,0.00615234375,0.6576440933094212
GC4138,24.87474941027824,25.41564791972511,0.0,0.0458939842180135,-0.7287864463568204,38.33772082655342,58.55408023033217,0.00615234375,1.0000266667279492,-0.0711396965584291,13.462971416275181,33.13843231060706,0.00615234375,0.6576467497983913
GC6503,47.23779468802346,43.897922643172,0.0,0.6204526924822181,0.3394985863377189,60.72853991690613,56.53105263742708,0.0060516357421875,1.0000412606626108,0.3581086486773259,13.490745228882666,12.633129994255079,0.0060516357421875,0.018610062339606992
DO170,7.312866080169235,6.518450663370876,0.011212158203125,1.0000607996027202,-0.6496773056809317,20.957016343343795,33.972583509957786,0.049554443359375,0.999997729332273,0.1157038685411989,13.64415026317456,27.45413284658691,0.03834228515625,0.7653811742221306
GC6674,69.25785341919475,117.17735140817264,0.0,0.6531939105573826,-0.4632443287957248,83.02289804605135,84.19069724164251,0.0054718017578125,1.000047979083243,0.2074372484301921,13.765044626856607,-32.98665416653013,0.0054718017578125,0.6706815772259169
GC6674,69.25785341919475,117.17735140817264,0.0,0.6531939105573826,-0.4632443287957248,83.02290925518815,84.19070845077931,0.0054718017578125,1.0000483555353932,0.2074377613748321,13.765055835993408,-32.98664295739333,0.0054718017578125,0.6706820901705569
GC4157,41.66813373210368,70.00266695820818,0.0,0.0837065445996871,0.2875916151135572,55.671641876350634,55.67212183345911,0.0,0.2534196283168495,0.2159959228905092,14.00350814424695,-14.330545124749072,0.0,-0.07159569222304799
GC4157,41.66813373210368,70.00266695820818,0.0,0.0837065445996871,0.2875916151135572,55.67164388735435,55.672123844462824,0.0,0.2534196461557502,0.215995971356666,14.003510155250666,-14.330543113745357,0.0,-0.07159564375689118
DO154,-0.7742662144759258,214.37666728764407,0.0062255859375,1.000082827850081,-0.3169516578525261,13.37999841380948,17.154657528943194,0.023162841796875,0.9999727909765732,1.0419358695312535,14.154264628285405,-197.22200975870086,0.016937255859375,1.3588875273837795
GC1705,11.199421396237724,78.14218143341847,0.0,0.0354769767288288,-0.5964090692018085,26.05115441579916,27.93936954178257,0.0,0.0791810958420232,-0.3657254071160438,14.851733019561436,-50.2028118916359,0.0,0.23068366208576468
GC1705,11.199421396237724,78.14218143341847,0.0,0.0354769767288288,-0.5964090692018085,26.05137471215526,27.939589838138673,0.0,0.0791723575320024,-0.3659300831315488,14.851953315917534,-50.2025915952798,0.0,0.23047898607025968
GC04499,-4.785531372832008,-6.757777146194204,0.0,0.0627669989627117,-0.0747200887954728,11.06631701659399,20.27741870724911,0.0,0.2263333820849885,0.0167268060949568,15.851848389425998,27.035195853443316,0.0,0.0914468948904296
GC04499,-4.785531372832008,-6.757777146194204,0.0,0.0627669989627117,-0.0747200887954728,11.066321613999518,20.27742330465464,0.0,0.226331913059801,0.0167209021295407,15.851852986831526,27.035200450848844,0.0,0.09144099092501351
GC04499,-4.785531372832008,-6.757777146194204,0.0,0.0627669989627117,-0.0747200887954728,11.06643652815476,20.277538218809884,0.0,0.2263329167059144,0.0167188658502353,15.851967900986768,27.035315365004088,0.0,0.0914389546457081
GC06973,7.695890386288937,5.723644612926741,0.0,0.0548364123978787,-0.1977091283397364,23.80049533804788,33.01159702870301,0.0,0.4346919049618307,-0.0403605879898356,16.104604951758944,27.287952415776267,0.0,0.15734854034990078
GC06973,7.695890386288937,5.723644612926741,0.0,0.0548364123978787,-0.1977091283397364,23.80058411103663,33.011685801691755,0.0,0.4346949198732727,-0.0403730837298179,16.104693724747694,27.288041188765014,0.0,0.15733604460991849
GC06973,7.695890386288937,5.723644612926741,0.0,0.0548364123978787,-0.1977091283397364,23.80071605112261,33.01181774177773,0.0,0.4346888779673061,-0.0403478720239387,16.104825664833673,27.288173128850993,0.0,0.1573612563157977
GC05750,20.572854935615975,16.59390220763227,0.0,0.1520308218575232,0.4575414260484438,36.74947638079259,41.824561956265775,0.0,0.2148697144892543,0.6166338638386225,16.176621445176618,25.230659748633506,0.0,0.15909243779017873
GC05750,20.572854935615975,16.59390220763227,0.0,0.1520308218575232,0.4575414260484438,36.74994415813423,41.825029733607415,0.0,0.2148691494785859,0.6166448279527679,16.17708922251825,25.231127525975147,0.0,0.1591034019043241
GC05750,20.572854935615975,16.59390220763227,0.0,0.1520308218575232,0.4575414260484438,36.75007334848506,41.82515892395824,0.0,0.2148691518983909,0.616629123601126,16.177218412869085,25.231256716325973,0.0,0.1590876975526822
563-V1,-2.062878786606415,0.0195265211130362,0.0,0.0085896673518018,-0.8835155085236349,14.235046070818802,55.06800819390658,0.0,0.389749293816108,0.5644341377199831,16.297924857425215,55.04848167279354,0.0,1.447949646243618
GC05999,7.229731070187681,11.135351945846676,0.0,0.0339669419389748,-0.8038762205509552,24.12790086017124,25.69014921043484,0.16728515625,0.9999458207225476,-0.2409379343213459,16.898169789983562,14.554797264588164,0.16728515625,0.5629382862296093
GC05999,7.229731070187681,11.135351945846676,0.0,0.0339669419389748,-0.8038762205509552,24.127927681591057,25.690176031854655,0.16728515625,0.9999459447461648,-0.2409389177632686,16.898196611403378,14.55482408600798,0.16728515625,0.5629373027876866
GC05999,7.229731070187681,11.135351945846676,0.0,0.0339669419389748,-0.8038762205509552,24.127936715597112,25.69018506586071,0.16728515625,0.9999424477878298,-0.2408975600584486,16.898205645409433,14.554833120014035,0.16728515625,0.5629786604925067
GC04325,11.893914738665767,11.099499321867407,0.0,0.2826242471183147,-0.5226744317164004,28.820654513392466,41.83622168000645,0.05325927734375,0.999941622790134,0.1330397330299869,16.9267397747267,30.736722358139048,0.05325927734375,0.6557141647463873
GC04325,11.893914738665767,11.099499321867407,0.0,0.2826242471183147,-0.5226744317164004,28.82066915957883,41.836236326192825,0.05325927734375,0.9999406852017246,0.1330491913319704,16.926754420913063,30.73673700432542,0.05325927734375,0.6557236230483707
GC04325,11.893914738665767,11.099499321867407,0.0,0.2826242471183147,-0.5226744317164004,28.82068610382029,41.83625327043428,0.05325927734375,0.9999387273174188,0.1330250813103863,16.926771365154522,30.73675394856687,0.05325927734375,0.6556995130267866
631-7,6.448323619315278,42.722436396917466,0.0,0.177993424534196,0.0976179269247635,24.567821943750538,25.113830691155048,0.0,0.4003235761730147,0.5087486633107753,18.11949832443526,-17.608605705762418,0.0,0.4111307363860118
GC07151,14.928037945994085,10.949085218010378,0.0,0.7693641516946652,-0.6529175852348739,33.96623242304911,39.04131799852229,0.08885498046875,0.999959088423374,0.3151231501799765,19.038194477055022,28.09223278051191,0.08885498046875,0.9680407354148504
GC07151,14.928037945994085,10.949085218010378,0.0,0.7693641516946652,-0.6529175852348739,33.96636007293094,39.04144564840412,0.08885498046875,0.9999959670595638,0.3151309753161109,19.038322126936855,28.092360430393743,0.08885498046875,0.9680485605509848
GC07151,14.928037945994085,10.949085218010378,0.0,0.7693641516946652,-0.6529175852348739,33.96729325349062,39.0423788289638,0.08873291015625,1.0000174113105238,0.3146521034017066,19.039255307496532,28.09329361095342,0.08873291015625,0.9675696886365804
568-3,55.82351015521823,78.34836400482801,0.0,0.0853710779984681,-0.0234763439359041,74.91044074283703,74.42587678817544,0.0290771484375,1.000086946977602,0.6840910132052396,19.086930587618795,-3.92248721665257,0.0290771484375,0.7075673571411437
GC4559,56.29469813763603,52.11352958582925,0.0,0.0786737936776275,0.4649422887875581,75.65323459194427,71.27177246222685,0.0,0.2046914195003915,0.8582353665317811,19.358536454308236,19.1582428763976,0.0,0.393293077744223
GC4559,56.29469813763603,52.11352958582925,0.0,0.0786737936776275,0.4649422887875581,75.65352203991164,71.27205991019422,0.0,0.2046913280190127,0.8582315801818695,19.358823902275603,19.158530324364968,0.0,0.3932892913943114
563-V2,18.718261494815156,15.692410564874695,0.0,0.0099944799514592,0.0418880766122662,38.43618383386677,45.22584346189058,0.0,0.2032395574052859,0.4379376853373182,19.717922339051615,29.53343289701588,0.0,0.396049608725052
GC07603,0.2745650819531242,215.42549858407313,0.0,0.0926775835305729,-0.2901286092587612,20.064183730837843,23.838842845971556,0.0,0.4002471289310666,0.6825247638353251,19.78961864888472,-191.58665573810157,0.0,0.9726533730940863
GC07603,0.2745650819531242,215.42549858407313,0.0,0.0926775835305729,-0.2901286092587612,20.06422238561673,23.83888150075045,0.0,0.4002469657339785,0.6825268204514898,19.789657303663606,-191.58661708332266,0.0,0.972655429710251
GC07603,0.2745650819531242,215.42549858407313,0.0,0.0926775835305729,-0.2901286092587612,20.06422405082045,23.838883165954165,0.0,0.4002461880514751,0.682525229229844,19.789658968867325,-191.58661541811895,0.0,0.9726538384886052
574-2,-5.11381603574408,-1.2081951600850829,0.0,0.0011237497142939,-0.7846062063321441,14.730159733062976,16.292408083326574,0.0,0.2723229383159246,-0.1256885249477715,19.843975768807056,17.500603243411657,0.0,0.6589176813843726
GCA442,2.570287135437166,1.7758717186388076,0.0,0.1248437205722198,-0.8619352468166184,22.44024141846789,35.45580858508188,0.092626953125,0.999947834876336,0.4890344364433021,19.869954283030726,33.67993686644307,0.092626953125,1.3509696832599205
GCA442,2.570287135437166,1.7758717186388076,0.0,0.1248437205722198,-0.8619352468166184,22.44034455130299,35.45591171791698,0.092626953125,0.9999381958204856,0.4890362318823467,19.870057415865823,33.68003999927818,0.092626953125,1.350971478698965
GCA442,2.570287135437166,1.7758717186388076,0.0,0.1248437205722198,-0.8619352468166184,22.44036802211717,35.45593518873116,0.092626953125,0.9999467687715912,0.489034634842915,19.870080886680004,33.68006347009235,0.092626953125,1.3509698816595335
GC08837,-6.035748283439368,-6.830163700237726,0.0,0.0488690770775669,-0.8237237792493721,13.876119555137365,26.891686721751356,0.0,0.4174832303962619,-0.0172869987846537,19.911867838576732,33.72185042198908,0.0,0.8064367804647185
GC08837,-6.035748283439368,-6.830163700237726,0.0,0.0488690770775669,-0.8237237792493721,13.876312696982607,26.8918798635966,0.0,0.4174685859855886,-0.017502378623548,19.912060980421977,33.722043563834326,0.0,0.8062214006258241
GC08837,-6.035748283439368,-6.830163700237726,0.0,0.0488690770775669,-0.8237237792493721,13.876319495234965,26.891886661848957,0.0,0.4174731363512365,-0.0175009201836743,19.912067778674334,33.722050362086684,0.0,0.8062228590656978
GC1003,88.39627238413134,81.36108299957023,0.0,0.5246817134284947,0.3141974753738785,108.65519550778552,103.61144233460624,0.02918701171875,0.999944776151418,0.825294823123734,20.258923123654185,22.25035933503601,0.02918701171875,0.5110973477498555
GC1003,88.39627238413134,81.36108299957023,0.0,0.5246817134284947,0.3141974753738785,108.67974713991364,103.63599396673436,0.0291900634765625,0.9999893490773644,0.8253155140797686,20.283474755782308,22.274910967164132,0.0291900634765625,0.51111803870589
GC06930,15.502969648911316,12.477118718970855,0.0,0.1357490085531128,0.2537353132545136,36.206533622276694,42.99619325030051,0.0,0.3745430991993612,-0.2015060556122855,20.703563973365377,30.51907453132965,0.0,-0.4552413688667991
GC06930,15.502969648911316,12.477118718970855,0.0,0.1357490085531128,0.2537353132545136,36.20653611680782,42.99619574483164,0.0,0.3745423831742462,-0.201509430270935,20.7035664678965,30.51907702586078,0.0,-0.45524474352544864
GC06930,15.502969648911316,12.477118718970855,0.0,0.1357490085531128,0.2537353132545136,36.2065362064326,42.996195834456415,0.0,0.3745429110554738,-0.201492931028037,20.703566557521285,30.51907711548556,0.0,-0.4552282442825506
GC05829,3.436177187200613,-0.5427755407830936,0.0,0.0663797829196884,-0.6870736560497808,24.428550964265035,29.50363653973822,0.0,0.2364705853916435,0.2393151471474399,20.992373777064422,30.046412080521314,0.0,0.9263888031972207
GC05829,3.436177187200613,-0.5427755407830936,0.0,0.0663797829196884,-0.6870736560497808,24.428563212551698,29.503648788024883,0.0,0.2364708096676584,0.2393158156104896,20.992386025351085,30.046424328807976,0.0,0.9263894716602703
GC05829,3.436177187200613,-0.5427755407830936,0.0,0.0663797829196884,-0.6870736560497808,24.428565312785956,29.50365088825914,0.0,0.2364708926352178,0.2393160627547783,20.992388125585343,30.046426429042235,0.0,0.9263897188045591
GC04278,42.44878089960241,45.97430836520612,0.0,0.0810267625930757,0.3073774373450379,63.74622179448794,60.87071849501513,0.0,0.4481457400250496,0.7266294095641804,21.297440894885526,14.896410129809013,0.0,0.4192519722191425
GC04278,42.44878089960241,45.97430836520612,0.0,0.0810267625930757,0.3073774373450379,63.746438275802355,60.87093497632955,0.0,0.4480476706809818,0.7263099452948979,21.297657376199943,14.89662661112343,0.0,0.41893250794986
GC07399,4.465848544593044,1.439997614652583,0.0,0.131782766742567,-0.296630450034435,26.561944950585826,33.35160457860964,0.01778564453125,1.000074223655537,0.0947084415489021,22.096096405992782,31.911606963957055,0.01778564453125,0.3913388915833371
GC07399,4.465848544593044,1.439997614652583,0.0,0.131782766742567,-0.296630450034435,26.562489725840635,33.35214935386445,0.0177978515625,0.999943064802592,0.0946687195096513,22.09664118124759,31.912151739211865,0.0177978515625,0.3912991695440863
GC07399,4.465848544593044,1.439997614652583,0.0,0.131782766742567,-0.296630450034435,26.563196336640864,33.352855964664684,0.0177978515625,0.9999567270267588,0.0946651293922877,22.09734779204782,31.9128583500121,0.0177978515625,0.3912955794267227
GC06917,9.01972072563943,5.040767997655724,0.0,0.1253436775088909,-0.7683224393282534,31.461264680852956,36.53635025632614,0.0,0.7766036150176899,0.529265368349521,22.441543955213525,31.495582258670414,0.0,1.2975878076777745
GC06917,9.01972072563943,5.040767997655724,0.0,0.1253436775088909,-0.7683224393282534,31.461394943380057,36.53648051885324,0.0,0.7766756402958326,0.5291722089335211,22.441674217740626,31.495712521197515,0.0,1.2974946482617744
GC06917,9.01972072563943,5.040767997655724,0.0,0.1253436775088909,-0.7683224393282534,31.461438475766226,36.53652405123941,0.0,0.7766352790138039,0.5292194402486126,22.441717750126795,31.495756053583687,0.0,1.2975418795768658
GC02455,8.8837288927323,8.089313475933942,0.0,0.1362366765341276,-0.4170112106132629,31.907801558343337,44.92336872495733,0.08753662109375,1.0000493981505736,1.4074895744164242,23.024072665611037,36.834055249023386,0.08753662109375,1.824500785029687
GC02455,8.8837288927323,8.089313475933942,0.0,0.1362366765341276,-0.4170112106132629,31.907836758108377,44.923403924722365,0.08753662109375,1.000053011200202,1.4074969937565338,23.024107865376077,36.83409044878842,0.08753662109375,1.8245082043697967
563-1,61.219520398787054,89.55405362489157,0.0,0.1144481993735927,-0.342991644953985,85.49344234676335,85.49392230387181,0.0857421875,0.9999543162570604,0.361950640387916,24.27392194797629,-4.060131321019753,0.0857421875,0.704942285341901
GC09037,73.03388461906235,82.12346008547918,0.0,0.266137031258469,0.2387868615004733,98.34199559669617,96.3307669597335,0.02052001953125,1.000004390658749,0.4562794450271777,25.308110977633817,14.207306874254314,0.02052001953125,0.21749258352670442
GC09037,73.03388461906235,82.12346008547918,0.0,0.266137031258469,0.2387868615004733,98.3423856786836,96.33115704172094,0.0205322265625,0.9999049518592824,0.4562697673404052,25.30850105962125,14.207696956241762,0.0205322265625,0.2174829058399319
GC09037,73.03388461906235,82.12346008547918,0.0,0.266137031258469,0.2387868615004733,98.34375463858724,96.33252600162456,0.0205322265625,0.9999839764918608,0.4562782179612193,25.309870019524894,14.209065916145377,0.0205322265625,0.21749135646074602
GC4010,30.475051640519837,245.62598514263985,0.0,0.2463188510382972,-0.4937388231999935,56.58362023228258,60.35827934741629,0.062713623046875,1.0000047318136185,0.7959795058055931,26.10856859176274,-185.26770579522355,0.062713623046875,1.2897183290055865
GC4010,30.475051640519837,245.62598514263985,0.0,0.2463188510382972,-0.4937388231999935,56.58373043279303,60.35838954792675,0.062713623046875,0.999999973764246,0.7959822617234524,26.108678792273196,-185.2675955947131,0.062713623046875,1.289721084923446
568-1,14.673091539275068,229.82402504139503,0.0,0.009494747072953,-0.3894794119800925,40.91894085611256,44.69359997124628,0.0,0.143621939931768,0.6539122524559233,26.245849316837493,-185.13042507014876,0.0,1.0433916644360157
GC7793,161.86850774254606,149.86780806336935,0.0,0.4110885656016836,0.7845183720032359,189.12549835619777,182.78654252633893,0.0,0.9210074260216128,0.8825580908858824,27.25699061365171,32.91873446296958,0.0,0.09803971888264651
GC7793,161.86850774254606,149.86780806336935,0.0,0.4110885656016836,0.7845183720032359,189.1258641462409,182.78690831638207,0.0,0.92100713527014,0.8825580017187525,27.257356403694843,32.919100253012715,0.0,0.09803962971551661
GC0247,31.71062662683727,33.79632791328912,0.0,0.0503816764750769,0.2393785631475832,59.18557533974641,56.057951092422385,0.0272399902343749,1.000034650316746,0.4530028371361733,27.474948712909136,22.261623179133267,0.0272399902343749,0.21362427398859007
GC03580,204.58703332350177,192.19666841751229,0.01575927734375,0.9999356504019437,0.6638184556939221,232.69184566207292,226.2436362076137,0.0247314453125,0.9999024359601708,0.8365784581896811,28.10481233857115,34.046967790101405,0.00897216796875,0.17276000249575907
GC03580,204.58703332350177,192.19666841751229,0.01575927734375,0.9999356504019437,0.6638184556939221,232.69222743772104,226.24401798326176,0.0247314453125,0.9999030366691216,0.8365785257062262,28.105194114219273,34.04734956574947,0.00897216796875,0.1727600700123041
GC08490,-3.4610724087404137,-5.894098856940916,0.0,0.031590799721272,0.0668181472534592,24.710145187236336,20.705355660587713,0.0,0.1227195289262807,0.6300435355718197,28.17121759597675,26.599454517528628,0.0,0.5632253883183604
GC08490,-3.4610724087404137,-5.894098856940916,0.0,0.031590799721272,0.0668181472534592,24.71016148396094,20.705371957312316,0.0,0.1227200497097302,0.630041129632471,28.171233892701352,26.59947081425323,0.0,0.5632229823790118
GC08490,-3.4610724087404137,-5.894098856940916,0.0,0.031590799721272,0.0668181472534592,24.71347583257328,20.708686305924655,0.0,0.1227196239850761,0.6300430409215729,28.174548241313694,26.602785162865572,0.0,0.5632248936681137
GC2903,183.42021699740388,177.7218291425466,0.101708984375,1.000018576781966,0.4557329373663103,212.0245474098521,207.29841565621504,0.1842041015625,0.9999351208004564,0.577836499470685,28.604330412448206,29.576586513668445,0.0824951171875,0.12210356210437473
GC2903,183.42021699740388,177.7218291425466,0.101708984375,1.000018576781966,0.4557329373663103,212.0246057272632,207.29847397362613,0.1842041015625,1.0000558277693516,0.5778326785581461,28.604388729859323,29.576644831079534,0.0824951171875,0.12209974119183581
GC07559,-24.507761992142814,-23.96686348269595,0.0,0.0012557344945873,-0.7293140264366859,4.286282364767635,24.502641768546383,0.0,0.1357030495039115,0.269083917330081,28.794044356910447,48.46950525124233,0.0,0.9983979437667669
GC07559,-24.507761992142814,-23.96686348269595,0.0,0.0012557344945873,-0.7293140264366859,4.286303745477481,24.50266314925623,0.0,0.1357031919615116,0.269086704526388,28.794065737620294,48.46952663195218,0.0,0.9984007309630738
GC07559,-24.507761992142814,-23.96686348269595,0.0,0.0012557344945873,-0.7293140264366859,4.286304961568007,24.502664365346753,0.0,0.1357031195861856,0.269081300599356,28.79406695371082,48.4695278480427,0.0,0.9983953270360418
GC06614,20.32311396452606,124.6736203899107,0.0,0.0100754811836151,-0.1696149710217998,52.75833587265899,55.49853844281285,0.0,0.1560518911223676,0.6819870467282071,32.43522190813293,-69.17508194709785,0.0,0.8516020177500069
GC06614,20.32311396452606,124.6736203899107,0.0,0.0100754811836151,-0.1696149710217998,52.75866132785343,55.498863898007286,0.0,0.1560541560062294,0.6820382415872627,32.43554736332737,-69.17475649190341,0.0,0.8516532126090625
GC06614,20.32311396452606,124.6736203899107,0.0,0.0100754811836151,-0.1696149710217998,52.758762923154435,55.49896549330829,0.0,0.1560530679850533,0.6820108905792087,32.43564895862838,-69.1746548966024,0.0,0.8516258616010085
GC07866,-28.92422047230589,-28.38332196285902,0.0,0.0004208311021136,-0.8767671046091645,4.338198609448925,24.55455801322767,0.0,0.0861033189289147,-0.1753825158953416,33.262419081754814,52.93787997608669,0.0,0.7013845887138229
GC07866,-28.92422047230589,-28.38332196285902,0.0,0.0004208311021136,-0.8767671046091645,4.338203730656433,24.55456313443518,0.0,0.0861046068541964,-0.1754027384455372,33.26242420296232,52.9378850972942,0.0,0.7013643661636273
GC07866,-28.92422047230589,-28.38332196285902,0.0,0.0004208311021136,-0.8767671046091645,4.338211187876415,24.554570591655164,0.0,0.0861045417668902,-0.1753963350674681,33.26243166018231,52.937892554514185,0.0,0.7013707695416964
GC06818,7.593051662327895,6.798636245529536,0.0,0.0555678714621861,-0.7036578450565746,41.31317873327588,54.328745899889874,0.1777099609375,1.0000179654267574,0.7370297299623391,33.72012707094799,47.53010965436034,0.1777099609375,1.4406875750189136
GC06818,7.593051662327895,6.798636245529536,0.0,0.0555678714621861,-0.7036578450565746,41.313354662428026,54.32892182904202,0.1777099609375,1.000018718101399,0.737027673806383,33.72030300010013,47.53028558351248,0.1777099609375,1.4406855188629577
GC06818,7.593051662327895,6.798636245529536,0.0,0.0555678714621861,-0.7036578450565746,41.3134484552859,54.32901562189989,0.1777099609375,1.0000181319980972,0.737029297416494,33.720396792958006,47.530379376370355,0.1777099609375,1.4406871424730685
GC2366,26.408647539545935,28.494348825997783,0.0,0.3012109315257676,0.322326730897456,60.4908306819948,57.36320643467078,0.0,0.8318046467559097,0.8463717894692246,34.08218314244887,28.868857608672997,0.0,0.5240450585717686
GC2366,26.408647539545935,28.494348825997783,0.0,0.3012109315257676,0.322326730897456,60.49129689919779,57.36367265187377,0.0,0.8318071133246114,0.8463720117000657,34.08264935965185,28.869323825875988,0.0,0.5240452808026097
GC07577,-35.69247792890006,-37.66472370226226,0.0,0.001477461124189,-0.7955133660156971,-0.6900117300405935,8.521089960614528,0.0,0.0624815219438825,0.4733814480154291,35.002466198859466,46.18581366287678,0.0,1.2688948140311263
GC07577,-35.69247792890006,-37.66472370226226,0.0,0.001477461124189,-0.7955133660156971,-0.6899937546845862,8.521107935970536,0.0,0.0624815251412036,0.4734020655101244,35.002484174215475,46.18583163823279,0.0,1.2689154315258215
GC07577,-35.69247792890006,-37.66472370226226,0.0,0.001477461124189,-0.7955133660156971,-0.6899839572856941,8.521117733369428,0.0,0.0624812112442645,0.473384738823534,35.00249397161437,46.18584143563169,0.0,1.2688981048392312
GC2915,81.30777379863581,78.8747473504353,0.0,0.1084165636720597,0.2922031675003027,117.02272408851712,113.0179345618685,0.0,0.4805308687714389,0.8101085150529866,35.714950289881315,34.1431872114332,0.0,0.517905347552684
GC2915,81.30777379863581,78.8747473504353,0.0,0.1084165636720597,0.2922031675003027,117.02273493967353,113.01794541302488,0.0,0.4805425337577847,0.8101221014371063,35.71496114103772,34.143198062589576,0.0,0.5179189339368035
GC4085,4.654707815543558,5.195606324990427,0.0,0.0258754511878781,-1.02826672550601,40.41846882735832,60.634828231137064,0.21199951171875,1.000048785567796,0.1883201115593735,35.76376101181476,55.439221906146635,0.21199951171875,1.2165868370653836
GC4085,4.654707815543558,5.195606324990427,0.0,0.0258754511878781,-1.02826672550601,40.418871416952776,60.63523082073152,0.21199951171875,1.000070346056159,0.1883146934066275,35.764163601409216,55.43962449574109,0.21199951171875,1.2165814189126376
C4202,153.43828529647587,149.25711674466908,0.03297119140625,0.999983541668337,0.4974104072884924,189.89116716933464,185.50970503961724,0.07999267578125,1.0000955908612552,0.7533230332790145,36.45288187285877,36.25258829494817,0.04702148437499999,0.2559126259905221
SO563-G021,167.92993607883332,165.4969096306328,0.04085693359375,1.0000391426556887,0.3349138342378575,204.6613821964791,200.6565926698305,0.09942626953125,1.000015228748394,0.7538894037998628,36.73144611764579,35.15968303919769,0.0585693359375,0.4189755695620053
GC06923,-15.854195586499404,-13.771790278779951,0.0,0.0008660034976826,-0.8776224182299618,21.262815596730032,62.09577771981781,0.0350341796875,0.9999071505925872,0.0520526623411092,37.11701118322944,75.86756799859776,0.0350341796875,0.929675080571071
GC06923,-15.854195586499404,-13.771790278779951,0.0,0.0008660034976826,-0.8776224182299618,21.263139655038955,62.09610177812674,0.0350341796875,0.999908134875601,0.0520521723111517,37.117335241538356,75.86789205690668,0.0350341796875,0.9296745905411135
GC06923,-15.854195586499404,-13.771790278779951,0.0,0.0008660034976826,-0.8776224182299618,21.26314288053911,62.096105003626896,0.0350341796875,0.999910833159137,0.0520486745923499,37.117338467038515,75.86789528240685,0.0350341796875,0.9296710928223116
amB,-26.950536122142665,-28.922781895504865,0.0,0.0174298627482494,-0.542832015858531,11.522643046723475,20.733744737378597,0.0,0.645984346092266,0.9936610231914296,38.47317916886614,49.65652663288346,0.0,1.5364930390499607
565-V2,-24.188198825488676,-23.647300316041807,0.0,0.0002330763312709,-0.6048193897996874,14.402396140708658,34.618755544487406,0.0,0.08475172433294,0.282208976618971,38.59059496619734,58.266055860529214,0.0,0.8870283664186585
GC06628,-16.13504127198007,-15.594142762533204,0.0,0.0006335089651542,-0.4225879344631682,22.69066038854084,42.90701979231959,0.0,0.2869659404817024,0.1499086333900898,38.82570166052091,58.50116255485279,0.0,0.5724965678532581
GC06628,-16.13504127198007,-15.594142762533204,0.0,0.0006335089651542,-0.4225879344631682,22.690677615650745,42.90703701942949,0.0,0.2869660875069965,0.1498378369480333,38.82571888763081,58.50117978196269,0.0,0.5724257714112015
GC06628,-16.13504127198007,-15.594142762533204,0.0,0.0006335089651542,-0.4225879344631682,22.690698381175164,42.907057784953906,0.0,0.286966691562611,0.1499331631171497,38.82573965315524,58.50120054748711,0.0,0.5725210975803179
GC02487,41.02746561597465,69.36199884207915,0.0,0.0594164544131716,0.0263814900224974,80.84169601252694,80.8421759696354,0.01873779296875,0.9999503406343426,0.6416490867389412,39.81423039655229,11.48017712755626,0.01873779296875,0.6152675967164438
GC02487,41.02746561597465,69.36199884207915,0.0,0.0594164544131716,0.0263814900224974,80.84173726574139,80.84221722284985,0.01873779296875,0.999949804487426,0.6416477395035743,39.81427164976674,11.480218380770708,0.01873779296875,0.615266249481077
GC11455,163.61151670038507,156.57632731582396,0.0,0.9263516690274254,0.2311705474156099,203.56470300522108,198.5209498320418,0.1569580078125,0.999934006407142,0.6650664314644459,39.95318630483601,41.944622516217834,0.1569580078125,0.43389588404883594
GC11455,163.61151670038507,156.57632731582396,0.0,0.9263516690274254,0.2311705474156099,203.56495654895411,198.52120337577483,0.156982421875,1.0000010221608884,0.6649913137018388,39.95343984856905,41.94487605995087,0.156982421875,0.4338207662862289
GC11455,163.61151670038507,156.57632731582396,0.0,0.9263516690274254,0.2311705474156099,203.5649567104863,198.52120353730703,0.156982421875,1.000001810522856,0.6649929566605854,39.95344001010125,41.94487622148307,0.156982421875,0.4338224092449755
GC08286,-3.514086647156254,24.82044657894825,0.0,0.0690221984125429,-0.0386780533318891,37.16640099211328,37.16688094922176,0.004736328125,1.0000899625674085,0.4110909550107892,40.680487639269536,12.346434370273514,0.004736328125,0.4497690083426783
GC08286,-3.514086647156254,24.82044657894825,0.0,0.0690221984125429,-0.0386780533318891,37.166432298566534,37.166912255675,0.0047119140625,0.9999917049771884,0.4111386394404439,40.68051894572279,12.346465676726751,0.0047119140625,0.449816692772333
GC08286,-3.514086647156254,24.82044657894825,0.0,0.0690221984125429,-0.0386780533318891,37.16652038809011,37.16700034519858,0.0046875,1.0000539018372916,0.4111736072785291,40.68060703524637,12.34655376625033,0.0046875,0.4498516606104182
GC2841,153.55521640062386,140.07601198736805,0.0,0.5324432756326802,0.5477746152137387,194.37870724041628,187.61950410759255,0.0100006103515625,0.9999859355353372,0.8082680061757345,40.82349083979241,47.5434921202245,0.0100006103515625,0.26049339096199575
GC2841,153.55521640062386,140.07601198736805,0.0,0.5324432756326802,0.5477746152137387,194.37875692292891,187.6195537901052,0.0100006103515625,0.9999861050670176,0.8082680578865755,40.82354052230505,47.54354180273714,0.0100006103515625,0.2604934426728368
GC05986,16.735080738978553,64.65457872795645,0.0,0.1268560919814579,0.0503343599037501,58.59331429900625,59.76111349459741,0.03514404296875,1.0000712190662786,0.7160850459449198,41.8582335600277,-4.893465233359038,0.03514404296875,0.6657506860411697
GC05986,16.735080738978553,64.65457872795645,0.0,0.1268560919814579,0.0503343599037501,58.59347836550388,59.761277561095035,0.03514404296875,1.0000386163185142,0.7161412780976998,41.858397626525324,-4.893301166861413,0.03514404296875,0.6658069181939497
GC05986,16.735080738978553,64.65457872795645,0.0,0.1268560919814579,0.0503343599037501,58.593805921537545,59.7616051171287,0.03514404296875,1.0000738532633375,0.7160885047803389,41.85872518255899,-4.892973610827745,0.03514404296875,0.6657541448765888
GC02916,233.54585509185907,222.80885393492343,0.0,0.6445604823423876,0.8695814608047937,276.16606365259844,270.1738947687715,0.04617919921875,1.0000305839590742,0.8621300646537995,42.62020856073937,47.36504083384807,0.04617919921875,-0.007451396150994216
GC04305,34.235185204269676,43.32476067068651,0.0,0.2008634055034867,0.2787850604747615,79.07301194185634,77.06178330489367,0.1018798828125,1.0000627718167665,0.8799405505462181,44.83782673758666,33.73702263420716,0.1018798828125,0.6011554900714566
GC04305,34.235185204269676,43.32476067068651,0.0,0.2008634055034867,0.2787850604747615,79.07301196041162,77.06178332344895,0.1018798828125,1.0000782749435118,0.8799423000481482,44.83782675614194,33.73702265276244,0.1018798828125,0.6011572395733867
GC04305,34.235185204269676,43.32476067068651,0.0,0.2008634055034867,0.2787850604747615,79.07306090907709,77.06183227211442,0.1018798828125,1.0000789993712813,0.8799423904471086,44.83787570480741,33.73707160142791,0.1018798828125,0.6011573299723472
GC5985,106.10315898869116,101.13808337402634,0.0,0.6285858775328035,0.1712588425325384,152.03891424216172,147.48145542486722,0.024298095703125,0.999969612415293,0.8573118165539214,45.93575525347056,46.343372050840884,0.024298095703125,0.686052974021383
GC5985,106.10315898869116,101.13808337402634,0.0,0.6285858775328035,0.1712588425325384,152.03892207282803,147.48146325553353,0.024298095703125,0.9999701076515553,0.8573126216241169,45.935763084136866,46.34337988150719,0.024298095703125,0.6860537790915785
GCA444,5.021572747955119,-2.0136166366059776,0.0,0.0283419783635225,-0.1562938435958245,52.55490008706179,47.51114691388251,0.0,0.165276840151377,0.8357585167888927,47.53332733910667,49.52476355048849,0.0,0.9920523603847171
GCA444,5.021572747955119,-2.0136166366059776,0.0,0.0283419783635225,-0.1562938435958245,52.5555944766234,47.511841303444115,0.0,0.1652768219788121,0.835758936881057,47.53402172866828,49.52545794005009,0.0,0.9920527804768815
GCA444,5.021572747955119,-2.0136166366059776,0.0,0.0283419783635225,-0.1562938435958245,52.55615845474681,47.51240528156753,0.0,0.1652768211438109,0.8357589562525781,47.53458570679169,49.52602191817351,0.0,0.9920527998484026
GC4214,3.876229852013324,70.81898988919407,0.0,0.0233379915817682,-0.3261145584898524,53.91521265829165,55.80342778427506,0.0,0.6539145119676103,0.2605018588447079,50.03898280627833,-15.015562104919013,0.0,0.5866164173345603
GC4214,3.876229852013324,70.81898988919407,0.0,0.0233379915817682,-0.3261145584898524,53.91521363076987,55.80342875675328,0.0,0.6539183573918694,0.2605028893668228,50.038983778756545,-15.015561132440794,0.0,0.5866174478566752
GC3198,110.7866299207669,100.04962876383128,0.0,0.4604906544048863,0.5582298543892624,163.26866696224556,157.27649807841868,0.007232666015625,0.9999810306944676,0.8012512929596642,52.48203704147866,57.226869314587404,0.007232666015625,0.24302143857040182
GC3198,110.7866299207669,100.04962876383128,0.0,0.4604906544048863,0.5582298543892624,163.26914489145227,157.2769760076254,0.007232666015625,1.0000058546657695,0.8012539653160011,52.48251497068537,57.227347243794114,0.007232666015625,0.2430241109267387
GC5371,53.817650805925894,71.87326101426149,0.0,0.7372321967936549,0.1142182853783019,107.98866887929358,107.06805581977068,0.054327392578125,0.999950230892284,0.5444088806300263,54.17101807336769,35.19479480550919,0.054327392578125,0.43019059525172443
GC5371,53.817650805925894,71.87326101426149,0.0,0.7372321967936549,0.1142182853783019,108.04769066169136,107.12707760216846,0.054327392578125,0.999992471899118,0.5443505329252916,54.23003985576547,35.25381658790697,0.054327392578125,0.43013224754698964
GC10310,-41.08287502418586,-40.54197651473899,0.0,4.7934426033198715e-05,-0.888380167519653,13.901128779379665,34.117488183158414,0.0,0.2183820703159846,0.1776764918074078,54.98400380356553,74.6594646978974,0.0,1.0660566593270608
GC10310,-41.08287502418586,-40.54197651473899,0.0,4.7934426033198715e-05,-0.888380167519653,13.901138336806046,34.117497740584795,0.0,0.2183786090297714,0.1774466953788512,54.98401336099191,74.65947425532379,0.0,1.0658268628985041
GC10310,-41.08287502418586,-40.54197651473899,0.0,4.7934426033198715e-05,-0.888380167519653,13.901138820639211,34.11749822441796,0.0,0.2183827285328091,0.1776857461559525,54.98401384482507,74.65947473915695,0.0,1.0660659136756054
574-1,-22.913363642469772,44.02939639471097,0.0,0.004567995260321,-0.413959533253975,34.01048416224624,35.89869928822965,0.0,0.2709878947190672,0.7670296210995496,56.92384780471602,-8.130697106481321,0.0,1.1809891543535247
GC03205,138.5614236015639,125.79535943843092,0.0,0.5875071718526891,0.4281389817149362,217.49893789346788,210.94436640797585,0.025250244140625,0.99992563713344,0.9902150001110084,78.937514291904,85.14900696954493,0.025250244140625,0.5620760183960722
GC03205,138.5614236015639,125.79535943843092,0.0,0.5875071718526891,0.4281389817149362,217.4989424818742,210.94437099638216,0.025250244140625,0.9999254793953588,0.9902150188796608,78.93751888031031,85.14901155795124,0.025250244140625,0.5620760371647247
GC06786,152.1467172303507,140.5506805679416,0.0,0.2582644415166929,0.3067929855698733,235.3714063179445,229.1447563588632,0.0,0.6168137240537122,0.4949040116540621,83.22468908759379,88.59407579092158,0.0,0.18811102608418884
GC06786,152.1467172303507,140.5506805679416,0.0,0.2582644415166929,0.3067929855698733,235.3719145068132,229.14526454773193,0.0,0.6168142022474468,0.4949048095770259,83.2251972764625,88.59458397979031,0.0,0.1881118240071526
GC06786,152.1467172303507,140.5506805679416,0.0,0.2582644415166929,0.3067929855698733,235.37194949212684,229.14529953304557,0.0,0.6168141614092022,0.4949047471928084,83.22523226177614,88.59461896510396,0.0,0.18811176162293514
GC01281,-30.69217545849573,-27.166647992892017,0.0,0.0068176548660373,0.2948502860424658,52.70479142788155,49.82928812840875,0.0,0.24566941580485,0.7381616781687886,83.39696688637729,76.99593612130076,0.0,0.4433113921263228
GC01281,-30.69217545849573,-27.166647992892017,0.0,0.0068176548660373,0.2948502860424658,52.70670321155725,49.83119991208444,0.0,0.2456618331157068,0.7381269871959028,83.39887867005298,76.99784790497645,0.0,0.4432767011534369
GC02259,-75.44680712435917,-76.24122254115753,0.0,1.7057845214077018e-05,-0.8579437616242449,14.603679817261114,27.6192469838751,0.005303955078125,1.00003973861559,0.1778083729061279,90.05048694162028,103.86046952503263,0.005303955078125,1.0357521345303728
GC02259,-75.44680712435917,-76.24122254115753,0.0,1.7057845214077018e-05,-0.8579437616242449,14.60534495693557,27.62091212354956,0.00531005859375,0.9999250705543454,0.177719167542154,90.05215208129474,103.86213466470709,0.00531005859375,1.0356629291663988
GC09133,307.6106930659649,289.2752651370108,0.014227294921875,1.0000825149300605,0.8858137974577743,411.9457649790889,403.7026547933051,0.02257080078125,0.9999798022409492,0.8175467199050904,104.33507191312401,114.42738965629428,0.008343505859375001,-0.06826707755268391
GC09133,307.6106930659649,289.2752651370108,0.014227294921875,1.0000825149300605,0.8858137974577743,411.94576707329026,403.70265688750646,0.02257080078125,0.9999787518775654,0.817546325903815,104.33507400732537,114.42739175049564,0.008343505859375001,-0.06826747155395929
GC09133,307.6106930659649,289.2752651370108,0.014227294921875,1.0000825149300605,0.8858137974577743,411.9457745497097,403.7026643639259,0.02257080078125,0.9999787053167648,0.8175463084016433,104.33508148374483,114.4273992269151,0.008343505859375001,-0.068267489056131
GC11914,164.3247710605422,146.6549724356599,0.0,0.1810684171087742,0.573350344137862,311.4406114632913,303.40972905037546,0.0084396362304687,1.0000113095465888,1.0665635103294036,147.11584040274911,156.75475661471557,0.0084396362304687,0.49321316619154154
GC11914,164.3247710605422,146.6549724356599,0.0,0.1810684171087742,0.573350344137862,311.4408886019422,303.4100061890264,0.0084396362304687,1.0000050543834174,1.0665618325979098,147.11611754140003,156.7550337533665,0.0084396362304687,0.4932114884600478
GC11914,164.3247710605422,146.6549724356599,0.0,0.1810684171087742,0.573350344137862,311.4415742108026,303.4106917978868,0.0084396362304687,1.000019987447814,1.0665658452790714,147.11680315026044,156.7557193622269,0.0084396362304687,0.4932155011412094
GC02023,-185.47367372548536,-181.56805284982636,0.0,2.0556626035623265e-19,-1.233096366402293,5.583240135044334,7.145488485307933,0.0,0.0450684222430034,0.0476617913314011,191.05691386052968,188.7135413351343,0.0,1.280758157733694
GC02023,-185.47367372548536,-181.56805284982636,0.0,2.0556626035623265e-19,-1.233096366402293,5.583488566806361,7.145736917069961,0.0,0.0450684365392645,0.047679094056587,191.0571622922917,188.71378976689633,0.0,1.28077546045888
567-2,-215.4186827486595,-211.5130618730005,0.0,8.551678914716923e-22,-0.3457003649254677,19.15130424516783,20.713552595431427,0.073828125,1.0000928125359916,-0.1261629308757004,234.56998699382734,232.22661446843193,0.073828125,0.21953743404976728
GC09992,-258.6851054268485,-254.7794845511895,0.0,2.1197958912512877e-25,-0.5661118606786927,-1.6050990983180649,-0.0428507480544659,0.0,0.0312423746227167,-0.8742669344301945,257.08000632853043,254.73663380313505,0.0,-0.30815507375150186
GC09992,-258.6851054268485,-254.7794845511895,0.0,2.1197958912512877e-25,-0.5661118606786927,-1.605098518162044,-0.0428501678984449,0.0,0.031242379700196,-0.8741927357471302,257.08000690868647,254.73663438329106,0.0,-0.3080808750684375
GC09992,-258.6851054268485,-254.7794845511895,0.0,2.1197958912512877e-25,-0.5661118606786927,-1.605098323545108,-0.042849973281509,0.0,0.0312423785635403,-0.8743021932506034,257.0800071033034,254.736634577908,0.0,-0.30819033257191075
GC05253,160.59634439514207,141.24013708043236,0.0,0.1301397175872087,0.6595981667580905,418.3892892064573,409.8156867359814,0.0189056396484375,1.0000152003280516,0.8478583781244866,257.79294481131524,268.575549655549,0.0189056396484375,0.18826021136639615
GC05253,160.59634439514207,141.24013708043236,0.0,0.1301397175872087,0.6595981667580905,418.3899531133919,409.816350642916,0.0189056396484375,0.9999833003546064,0.8478557905896995,257.79360871824986,268.57621356248364,0.0189056396484375,0.18825762383160904
GC05253,160.59634439514207,141.24013708043236,0.0,0.1301397175872087,0.6595981667580905,418.3901625251601,409.8165600546842,0.01890869140625,0.9999188091616352,0.8478563486269468,257.79381813001805,268.57642297425184,0.01890869140625,0.18825818186885634
GC02953,473.35574014257566,448.0218034743278,0.0116912841796875,0.9999795421043536,0.924386444705003,732.4662380404625,721.8501458906459,0.040728759765625,1.0000155971606568,0.9435656957195204,259.11049789788683,273.8283424163181,0.029037475585937497,0.01917925101451745
GC02953,473.35574014257566,448.0218034743278,0.0116912841796875,0.9999795421043536,0.924386444705003,732.4662757179511,721.8501835681345,0.040728759765625,1.0000131243948718,0.9435655920836334,259.1105355753755,273.82838009380674,0.029037475585937497,0.019179147378630468
GC4051,-242.3640970167561,-241.8231985073092,0.0,8.459030487706811e-18,-0.8527604642058957,30.25711303014317,50.47347243392191,0.0155517578125,1.000047944076251,0.124078831261123,272.62121004689925,292.2966709412311,0.0155517578125,0.9768392954670186
GC4051,-242.3640970167561,-241.8231985073092,0.0,8.459030487706811e-18,-0.8527604642058957,30.257141908429595,50.47350131220834,0.0155517578125,1.0000503275355936,0.1240755436941826,272.6212389251857,292.2966998195175,0.0155517578125,0.9768360079000783
GC4068,-285.4221235522101,-283.33971824449065,0.0,1.4091435905684785e-22,0.7979869767594273,-0.6173402751341381,40.21562184795364,0.0,0.1381020955465683,-0.4745046299377895,284.80478327707596,323.5553400924443,0.0,-1.272491606697217
GC4068,-285.4221235522101,-283.33971824449065,0.0,1.4091435905684785e-22,0.7979869767594273,-0.6170953684744322,40.215866754613344,0.0,0.1381020927843545,-0.4745012810768648,284.80502818373566,323.555584999104,0.0,-1.2724882578362922
GC05414,-360.87901850739945,-358.79661319968,0.0,3.823065184421568e-28,0.1694016921602356,0.2607459439643342,41.09370806705211,0.0,0.1526731634108385,-0.7068777327827578,361.13976445136376,399.8903212667321,0.0,-0.8762794249429934
GC05414,-360.87901850739945,-358.79661319968,0.0,3.823065184421568e-28,0.1694016921602356,0.2607854974135,41.09374762050128,0.0,0.1526743126949349,-0.7068524548937868,361.13980400481296,399.8903608201813,0.0,-0.8762541470540224
GC05414,-360.87901850739945,-358.79661319968,0.0,3.823065184421568e-28,0.1694016921602356,0.2607929893977054,41.09375511248548,0.0,0.1526706192007532,-0.706933838957318,361.13981149679717,399.8903683121655,0.0,-0.8763355311175536
512-2,,,,,,,,,,,,,,
GC6789,,,,,,,,,,,,,,
GC6789,,,,,,,,,,,,,,
GC00634,,,,,,,,,,,,,,
GC00634,,,,,,,,,,,,,,
GC07232,,,,,,,,,,,,,,
GC07232,,,,,,,,,,,,,,
GC07232,,,,,,,,,,,,,,
