ID,n,n_outer,finite_outer,r2_outer,frac_used,A,A_err,B,B_err,alpha_log,alpha_log_err,cC2,cC2_err,alpha_Ric,alpha_Ric_err
563-1,17,3,1.00,1.00,0.35,919.4240753631652,7.7557342649882095,-4007.560263994369,51.611563835636744,17715.562645915903,281.3662486548387,459.7120376815826,3.8778671324941048,17715.562645915903,281.3662486548387
563-V2,10,3,1.00,1.00,0.35,180.79805803446746,1.1226915602720968,-1539.3812177978084,12.409252590729194,946.5820013160492,10.284485207639529,90.39902901723373,0.5613457801360484,946.5820013160492,10.284485207639529
565-V2,7,3,1.00,1.00,0.35,162.5543051693832,0.13290710804939465,-1138.2620279636,1.2505119498449078,558.9908954336236,0.7084961826538158,81.2771525846916,0.06645355402469733,558.9908954336236,0.7084961826538158
568-1,12,3,1.00,0.99,0.35,131.6586702280871,0.1478012608055706,-1037.636228432785,1.6990838320810644,666.7480807664529,1.7671939890717197,65.82933511404354,0.0739006304027853,666.7480807664529,1.7671939890717197
568-3,18,3,1.00,0.99,0.35,361.33648395568804,0.4600115749391738,-3153.1662590685755,2.5377183668901497,5441.407314611004,11.41327859195525,180.66824197784402,0.2300057874695869,5441.407314611004,11.41327859195525
568-V1,15,3,1.00,0.99,0.35,380.5074857254323,0.10348951785453131,-3801.8390194134477,1.192451431394606,3545.5880682639886,1.4616471079665687,190.25374286271614,0.051744758927265655,3545.5880682639886,1.4616471079665687
571-8,13,3,1.00,0.66,0.35,400.79135004803493,0.11218678893223467,-4048.6966774966513,1.3031861211683007,3177.8483999949485,1.4330777384270672,200.39567502401746,0.05609339446611734,3177.8483999949485,1.4330777384270672
571-V1,7,3,1.00,0.89,0.35,319.28622000381876,0.1899326092139693,-3237.119194382283,2.1672438680004156,2814.582541278851,2.4171416054754227,159.64311000190938,0.09496630460698464,2814.582541278851,2.4171416054754227
574-1,14,3,1.00,0.99,0.35,115.69252609947777,0.5387139934281492,-1017.5199173517955,5.898297535037294,938.2201544392702,7.324533277789281,57.84626304973889,0.2693569967140746,938.2201544392702,7.324533277789281
579-V1,14,3,1.00,0.57,0.35,125.33038284599503,0.08522544412756382,-1253.6247076897569,0.910732091504352,1135.0890305094479,1.3578355251735768,62.665191422997516,0.04261272206378191,1135.0890305094479,1.3578355251735768
583-1,25,3,1.00,1.00,0.35,291.7760853904129,0.6428407084126101,-2817.6542124428947,7.268209079031655,3126.7233449295413,10.958496473814307,145.88804269520645,0.32142035420630505,3126.7233449295413,10.958496473814307
583-4,12,3,1.00,1.00,0.35,109.30574192041466,0.11312421673882454,-823.9798963906637,0.9658960624699089,402.73172588514126,0.5005144004891818,54.65287096020733,0.05656210836941227,402.73172588514126,0.5005144004891818
631-7,16,3,1.00,0.98,0.35,153.17180859341892,0.7780291261264519,-870.1354991250506,6.7108021877040835,354.8583022406692,3.533945208281928,76.58590429670946,0.38901456306322596,354.8583022406692,3.533945208281928
C2574,34,3,1.00,0.97,0.35,-324.2877427510433,3.1430826483947967,3848.818050778152,34.74273297388939,-3554.455193632515,31.44400692014011,-162.14387137552166,1.5715413241973983,-3554.455193632515,31.44400692014011
C4202,32,3,1.00,0.99,0.35,397.49605732957326,1.9653882208191038,7172.731930393774,85.68955253446047,17260.304294149148,120.81806432347142,198.74802866478663,0.9826941104095519,17260.304294149148,120.81806432347142
DO064,14,3,1.00,0.92,0.35,7.905373606696276,0.010044080970643627,-14.568470246139524,0.02636955681028734,3.5736457235665546,0.006930064783317097,3.952686803348138,0.005022040485321813,3.5736457235665546,0.006930064783317097
DO154,12,3,1.00,0.95,0.35,90.99569298092428,0.2542869819719901,-399.353561836194,1.7400474755426119,139.7782591275357,0.741626532184923,45.49784649046214,0.12714349098599506,139.7782591275357,0.741626532184923
DO161,31,3,1.00,0.99,0.35,503.7760313997345,4.365438469479386,-5076.610667772192,43.15562380337602,5906.506233805735,73.16991898431141,251.88801569986725,2.182719234739693,5906.506233805735,73.16991898431141
DO168,10,3,1.00,0.99,0.35,16.888775051728825,0.03361701420315756,-47.79181146294233,0.14132776111242024,14.055708121906472,0.04523505450918246,8.444387525864412,0.01680850710157878,14.055708121906472,0.04523505450918246
DO170,8,3,1.00,0.99,0.35,323.260532772498,0.2140712460170762,-3276.3125258223504,2.4321687841532147,2617.510203607794,2.4099586131215447,161.630266386249,0.1070356230085381,2617.510203607794,2.4099586131215447
GC00128,22,3,1.00,0.99,0.35,10806.403394813844,74.22966795109862,2901068.6946133994,42541.50722672591,1681930.97003011,19623.444404318838,5403.201697406922,37.11483397554931,1681930.97003011,19623.444404318838
GC00191,9,3,1.00,0.97,0.35,65.71585223436573,0.01672383441708388,-452.7349962619244,0.14765300292978323,200.03925148013187,0.07135632790849811,32.85792611718286,0.00836191720854194,200.03925148013187,0.07135632790849811
GC0024,29,3,1.00,1.00,0.35,287.0674847202707,0.23236395527738013,-2673.0532147419435,2.597355225632584,1761.6059272479965,2.171020966045713,143.53374236013536,0.11618197763869006,1761.6059272479965,2.171020966045713
GC0055,21,3,1.00,0.98,0.35,-34.24957470077785,1.0283047656809998,465.3724677320923,10.202572159460253,-1141.8553497903035,17.19583382553117,-17.124787350388925,0.5141523828404999,-1141.8553497903035,17.19583382553117
GC00731,12,3,1.00,0.76,0.35,124.52713608794905,0.3830009834388543,-1045.2803304840531,4.264450951201104,742.3026041029732,3.7869321611924565,62.26356804397452,0.19150049171942715,742.3026041029732,3.7869321611924565
GC0100,21,3,1.00,1.00,0.35,75.53133992540441,1.8358290903364114,-501.7143718763586,19.86329006107834,180.06386343726817,15.844833216429302,37.765669962702205,0.9179145451682057,180.06386343726817,15.844833216429302
GC01230,11,3,1.00,0.83,0.35,2340.720004755054,1.3158205496805426,127875.32702688512,128.60504121377878,153191.5543521399,119.98505615401068,1170.360002377527,0.6579102748402713,153191.5543521399,119.98505615401068
GC01281,25,3,1.00,0.99,0.35,31.87809641574933,0.1218638715562955,-118.5634928438833,0.6860579877420767,40.04884788350446,0.257088141339349,15.939048207874665,0.06093193577814775,40.04884788350446,0.257088141339349
GC02259,8,3,1.00,0.99,0.35,128.7158012371818,0.0918421355570653,-928.5736505889902,0.8249119790167668,445.12801560729474,0.44557282926565633,64.3579006185909,0.04592106777853265,445.12801560729474,0.44557282926565633
GC02455,8,3,1.00,1.00,0.35,2.1110986327122823,0.0037022882630448548,-9.822195698509239,0.014316797187924115,2.933587703169225,0.0043929646903992535,1.0555493163561411,0.0018511441315224274,2.933587703169225,0.0043929646903992535
GC0247,26,3,1.00,1.00,0.35,423.21549540204364,3.1698925641047357,-4233.781342354126,26.56995559462897,5731.754146254514,62.771406653440415,211.60774770102182,1.5849462820523679,5731.754146254514,62.771406653440415
GC02487,17,3,1.00,0.84,0.35,10978.542697209381,34.593682068529795,10369944.881740795,57551.32342613244,4021473.1222763956,19642.00109974328,5489.2713486046905,17.296841034264897,4021473.1222763956,19642.00109974328
GC02885,19,3,1.00,1.00,0.35,7479.5414202050415,26.769436708089852,6836270.0367209185,36896.76539431826,2676584.949207099,13216.808754008218,3739.7707101025208,13.384718354044926,2676584.949207099,13216.808754008218
GC0289,28,3,1.00,0.80,0.35,9672.936540126442,60.18969320327172,7412969.245495993,76974.71156969391,3053734.0955855954,28117.449833641367,4836.468270063221,30.09484660163586,3053734.0955855954,28117.449833641367
GC02916,43,3,1.00,0.94,0.35,895.3156055468364,1.5108323461145237,71455.37341162525,249.45248129426452,69968.24655621235,181.583714418764,447.6578027734182,0.7554161730572618,69968.24655621235,181.583714418764
GC02953,115,3,1.00,0.99,0.35,6503.621126032169,61.55143851039824,3004630.9754698295,55517.435214712365,1443513.1234746492,22336.62710844896,3251.8105630160844,30.77571925519912,1443513.1234746492,22336.62710844896
GC0300,25,3,1.00,0.97,0.35,212.90117574027937,3.4746584855113203,-1936.5571600715969,38.094018285074725,1328.5232943653975,45.331913300737774,106.45058787013969,1.7373292427556601,1328.5232943653975,45.331913300737774
GC03205,48,3,1.00,0.99,0.35,1814.009768170949,1.9659762810253734,166219.6601282752,343.0604036103692,152128.1184150181,244.79423282031334,907.0048840854745,0.9829881405126867,152128.1184150181,244.79423282031334
GC03546,30,3,1.00,0.93,0.35,662.0868402136605,0.49017973052532393,12849.81767140252,25.520492098593117,29413.858776475467,32.67459399609232,331.04342010683024,0.24508986526266197,29413.858776475467,32.67459399609232
GC03580,47,3,1.00,0.80,0.35,708.7171520837877,1.3993860815720522,-6165.34900024802,47.20921003488228,14279.51212414239,78.26609789094914,354.35857604189385,0.6996930407860261,14279.51212414239,78.26609789094914
GC04278,25,3,1.00,0.63,0.35,392.9402758007197,1.5281902707974866,-3201.326097913804,12.82044963214423,1634.3726560618968,6.584724298775732,196.47013790035984,0.7640951353987433,1634.3726560618968,6.584724298775732
GC04305,22,3,1.00,1.00,0.35,6.318571787792306,0.027286772555923308,-43.5678277281846,0.1816563157402259,17.614678778292994,0.07627020411145201,3.159285893896153,0.013643386277961654,17.614678778292994,0.07627020411145201
GC04325,8,3,1.00,0.98,0.35,25.969010134807,0.025125222535053282,-109.80843616753656,0.14945305017276572,37.56809066370692,0.05738195380648278,12.9845050674035,0.012562611267526641,37.56809066370692,0.05738195380648278
GC04483,8,3,1.00,0.99,0.35,1.04807338749799,0.0010122375577067166,-0.38885115821704025,0.000602066947870331,0.06383447166150828,0.00010578918193992665,0.524036693748995,0.0005061187788533583,0.06383447166150828,0.00010578918193992665
GC04499,9,3,1.00,0.98,0.35,37.79014975532372,0.06436965726903796,-237.69764266299748,0.5909672827367703,110.53090319384167,0.3299785086923581,18.89507487766186,0.03218482863451898,110.53090319384167,0.3299785086923581
GC05005,11,3,1.00,0.52,0.35,669.961050770667,1.0411480129470219,-4263.442958052246,41.94457229437323,13672.242118678028,62.592283971107776,334.9805253853335,0.5205740064735109,13672.242118678028,62.592283971107776
GC05253,73,3,1.00,0.98,0.35,3551.048040237855,9.217275888213171,1236959.6356710664,4858.853201782822,653329.2703562033,2303.3381561810397,1775.5240201189274,4.608637944106586,653329.2703562033,2303.3381561810397
GC05716,12,3,1.00,0.97,0.35,457.7901931684317,0.7558535359881309,-4627.819289200583,8.402450255797257,4162.925535911652,9.63895019834405,228.89509658421585,0.37792676799406544,4162.925535911652,9.63895019834405
GC05721,23,3,1.00,0.92,0.35,96.25433220212561,0.474534724900833,-492.03644980111443,3.8302464810959056,189.1195970077558,1.8823179002247965,48.127166101062805,0.2372673624504165,189.1195970077558,1.8823179002247965
GC05750,11,3,1.00,0.85,0.35,189.7560809360115,0.03694948109904641,-1917.9666869492576,0.425617936233608,1558.7770719060925,0.47492009945682495,94.87804046800575,0.018474740549523205,1558.7770719060925,0.47492009945682495
GC05764,10,3,1.00,1.00,0.35,12.534107174902934,0.040348098549114496,-20.754181075680666,0.14181572785402785,5.109735600372101,0.041922687722806204,6.267053587451467,0.020174049274557248,5.109735600372101,0.041922687722806204
GC05829,11,3,1.00,1.00,0.35,52.45726593302581,0.08040146229305185,-325.5380690058214,0.6435207084199347,140.6519322023346,0.31185648085776707,26.228632966512905,0.04020073114652593,140.6519322023346,0.31185648085776707
GC05918,8,3,1.00,0.99,0.35,16.64724901982513,0.025183848248408403,-46.17864432496752,0.11181114811448313,13.695332362867438,0.03657185769109236,8.323624509912564,0.012591924124204202,13.695332362867438,0.03657185769109236
GC05986,15,3,1.00,0.99,0.35,30.638268208647577,0.4621783663379564,-25.94073640511342,4.8831237907302345,-123.02007483211703,3.5596860964291466,15.319134104323789,0.2310891831689782,-123.02007483211703,3.5596860964291466
GC06399,9,3,1.00,0.99,0.35,70.91474867320413,0.07640093973035354,-482.1661284897784,0.6754790223368085,223.80299111732063,0.360477348781859,35.457374336602065,0.03820046986517677,223.80299111732063,0.360477348781859
GC06446,17,3,1.00,0.99,0.35,20.048862912383644,0.6924916807678311,157.15716790181068,7.59671104790316,-297.5841470150345,6.329063588243439,10.024431456191822,0.34624584038391554,-297.5841470150345,6.329063588243439
GC06614,13,3,1.00,0.75,0.35,2999.812766400422,0.8466648076847023,620438.2327752617,325.1121662004227,399944.22784551216,173.9566065072803,1499.906383200211,0.42333240384235116,399944.22784551216,173.9566065072803
GC06628,7,3,1.00,0.87,0.35,-8.860721297706892,0.007458339691817131,49.65654082073762,0.06178873071629568,-19.673916662960696,0.030384553496934388,-4.430360648853446,0.0037291698459085655,-19.673916662960696,0.030384553496934388
GC06667,9,3,1.00,1.00,0.35,155.2567819432969,0.20166538158616631,-1064.275499329732,1.7829719801062016,522.3662068421615,0.9515040306026713,77.62839097164844,0.10083269079308316,522.3662068421615,0.9515040306026713
GC06786,45,3,1.00,1.00,0.35,1642.7378054032333,8.438847393752445,60439.68173507694,1047.343102858464,87969.77389233574,861.963531613728,821.3689027016167,4.219423696876222,87969.77389233574,861.963531613728
GC06787,71,3,1.00,1.00,0.35,3711.5814077375926,11.396012561137598,315438.32397595776,1955.275510182122,297969.68938171153,1398.449743954386,1855.7907038687963,5.698006280568799,297969.68938171153,1398.449743954386
GC06818,8,3,1.00,0.33,0.35,77.85801039365455,0.043247389108369984,-503.99045220972437,0.3330344669871326,217.45031595950178,0.1542947813342779,38.929005196827276,0.021623694554184992,217.45031595950178,0.1542947813342779
GC06917,11,3,1.00,1.00,0.35,45.73139596868034,0.18253918566372104,-322.2174794890977,2.0084587558403615,141.98636951202351,1.6613273576930119,22.86569798434017,0.09126959283186052,141.98636951202351,1.6613273576930119
GC06930,10,3,1.00,0.99,0.35,317.26481417269923,0.6739181074323243,-3021.293786593689,4.353362393444222,4822.562773063646,15.568639592585738,158.63240708634962,0.33695905371616214,4822.562773063646,15.568639592585738
GC06973,9,3,1.00,1.00,0.35,13.837947388634367,0.012888767837031936,-121.1094654712223,0.11982980017808993,60.87710648489582,0.06912392813727486,6.918973694317184,0.006444383918515968,60.87710648489582,0.06912392813727486
GC06983,17,3,1.00,1.00,0.35,232.24955240946477,1.638227119781714,-2128.3553410495806,11.610631174820837,2735.1587803633847,36.006252057810045,116.12477620473238,0.819113559890857,2735.1587803633847,36.006252057810045
GC07089,12,3,1.00,1.00,0.35,71.93006575098559,0.18957377245850887,-622.2068509709113,1.9666340252854737,364.0072227685377,1.363536899067182,35.965032875492795,0.09478688622925444,364.0072227685377,1.363536899067182
GC07125,13,3,1.00,0.97,0.35,609.9295969172849,0.4899358295317147,-1908.166799038121,0.7670506313047333,15698.050509492257,14.49508812938539,304.96479845864246,0.24496791476585736,15698.050509492257,14.49508812938539
GC07151,11,3,1.00,0.99,0.35,7.737277249185232,0.02437547186534974,-27.52893321087098,0.15076654090409694,9.100240274784207,0.05977842053033062,3.868638624592616,0.01218773593267487,9.100240274784207,0.05977842053033062
GC07261,7,3,1.00,0.97,0.35,20.528786620288816,0.023519186964061207,-80.82889712220565,0.1668903953681532,25.886199758314042,0.07190321005865238,10.264393310144408,0.011759593482030603,25.886199758314042,0.07190321005865238
GC07323,10,3,1.00,0.99,0.35,17.089573558010294,0.013374468053873484,-93.42256149330096,0.08725291922275678,35.88416171970681,0.03580710155091646,8.544786779005147,0.006687234026936742,35.88416171970681,0.03580710155091646
GC07399,10,3,1.00,1.00,0.35,99.88381014829046,0.15927434010388586,-494.14909238534955,1.1053761636235313,185.93182237055706,0.4744532993711732,49.94190507414523,0.07963717005194293,185.93182237055706,0.4744532993711732
GC07524,31,3,1.00,1.00,0.35,290.20032923662706,1.524742092798208,-3039.0957513756516,16.941825477467862,2787.687126572724,16.455927631415733,145.10016461831353,0.762371046399104,2787.687126572724,16.455927631415733
GC07559,7,3,1.00,0.99,0.35,1.0351709908387083,0.002287960074132864,-0.3264412084376075,0.00427535407885212,0.029742015749630257,0.0010027722506126607,0.5175854954193542,0.001143980037066432,0.029742015749630257,0.0010027722506126607
GC07577,9,3,1.00,1.00,0.35,2.0703938767801593,0.0004579042768475191,-1.997693711045321,0.0004967961262386369,0.3929995984735685,0.00010056006999380195,1.0351969383900796,0.00022895213842375956,0.3929995984735685,0.00010056006999380195
GC07603,12,3,1.00,0.99,0.35,38.09116829450062,0.07854560961091778,-114.46958986703378,0.3389493739314174,33.388236884576926,0.1100742277629499,19.04558414725031,0.03927280480545889,33.388236884576926,0.1100742277629499
GC07608,8,3,1.00,1.00,0.35,27.542966503794993,0.05191879952693911,-69.1045967196,0.25331339754578663,19.646181895013125,0.086909495399132,13.771483251897497,0.025959399763469556,19.646181895013125,0.086909495399132
GC07690,7,3,1.00,0.77,0.35,9.705462996508953,0.00541766190347066,-27.830090015343234,0.02083679259264636,7.832372476001616,0.00635640468529112,4.852731498254476,0.00270883095173533,7.832372476001616,0.00635640468529112
GC07866,7,3,1.00,1.00,0.35,3.261271305253943,0.002104079668084491,-3.854011615387665,0.003478664363083524,0.8185143513116913,0.0007870186771155328,1.6306356526269714,0.0010520398340422455,0.8185143513116913,0.0007870186771155328
GC0801,13,3,1.00,0.99,0.35,1121.7463391674396,0.9052369116117105,330100.70668047183,526.8464701689389,188168.96214682475,243.06783251597182,560.8731695837198,0.45261845580585525,188168.96214682475,243.06783251597182
GC08286,17,3,1.00,0.98,0.35,52.79629956729465,0.607578762852523,-183.29157056723454,5.803936310426301,6.317071631024074,3.487473716986959,26.398149783647327,0.3037893814262615,6.317071631024074,3.487473716986959
GC08490,30,3,1.00,0.99,0.35,83.1629923329386,4.493053428331357,-282.2792579174659,49.54085510806651,-230.98786347148516,43.71202858219468,41.5814961664693,2.2465267141656784,-230.98786347148516,43.71202858219468
GC08550,11,3,1.00,0.99,0.35,53.892113311214146,0.10194257354990001,-249.05093432035142,0.61248266010472,91.51255287419929,0.23840136912631862,26.946056655607073,0.050971286774950005,91.51255287419929,0.23840136912631862
GC08699,41,3,1.00,0.99,0.35,920.7961611803444,1.1362986060893412,7661.954424592295,34.889782416018726,32702.559423191695,61.13540340622205,460.3980805901722,0.5681493030446706,32702.559423191695,61.13540340622205
GC08837,8,3,1.00,0.93,0.35,3.4570994345215498,0.006949982723389004,-4.592739798646612,0.028476125587064485,0.7644291052755456,0.008967882401479086,1.7285497172607749,0.003474991361694502,0.7644291052755456,0.008967882401479086
GC0891,18,3,1.00,1.00,0.35,61.086061231475064,0.051360749134727816,-441.5390900822108,0.19036296083473936,1322.0799711996222,1.355836615299087,30.543030615737532,0.025680374567363908,1322.0799711996222,1.355836615299087
GC09037,22,3,1.00,0.98,0.35,343.975992808055,1.6181678875120762,17369.170861868086,101.01473325180037,21350.957464592124,116.46184593035711,171.9879964040275,0.8090839437560381,21350.957464592124,116.46184593035711
GC09133,68,3,1.00,1.00,0.35,16801.10825977828,52.31285293720046,34271790.358485274,189401.00816038653,10837131.210081877,53762.29548205871,8400.55412988914,26.15642646860023,10837131.210081877,53762.29548205871
GC1003,36,3,1.00,1.00,0.35,-2634.3955664876676,59.07245468675857,-247356.4167151994,5493.209639038517,-249506.04648286317,5165.794184779866,-1317.1977832438338,29.536227343379284,-249506.04648286317,5165.794184779866
GC10310,7,3,1.00,0.98,0.35,41.05515292486898,0.025595860489566417,-269.8055337341973,0.2131839394821401,121.04272503365105,0.10529803401839066,20.52757646243449,0.012797930244783208,121.04272503365105,0.10529803401839066
GC1090,24,3,1.00,1.00,0.35,666.089290979831,4.165205397108475,30077.850505897735,357.6248020135269,39671.79893737792,349.8742246635241,333.0446454899155,2.0826026985542376,39671.79893737792,349.8742246635241
GC11455,36,3,1.00,0.99,0.35,1121.8001607294825,3.4565563104727404,175309.41088934982,913.7523976201072,127732.72511071335,550.3330421392943,560.9000803647413,1.7282781552363702,127732.72511071335,550.3330421392943
GC11557,12,3,1.00,1.00,0.35,14.494200257077729,0.00619722287711437,-165.70181701278895,0.06538695776352221,106.535284026197,0.04350388675983355,7.2471001285388645,0.003098611438557185,106.535284026197,0.04350388675983355
GC11820,10,3,1.00,0.98,0.35,315.8597715223951,0.1750331217526264,-3208.060988153969,1.9277815637184024,3004.777326798708,2.746401897992341,157.92988576119754,0.0875165608763132,3004.777326798708,2.746401897992341
GC11914,65,3,1.00,0.99,0.35,32.573578960904634,0.010953235267971293,-303.2345517646552,0.11421431648952347,176.57201876057871,0.07738030349311846,16.286789480452317,0.0054766176339856466,176.57201876057871,0.07738030349311846
GC12506,31,3,1.00,1.00,0.35,-639.6421602559035,34.181020582589625,-647198.1290532813,16587.76466548426,-289622.3143018546,8068.312612521934,-319.82108012795175,17.090510291294812,-289622.3143018546,8068.312612521934
GC12632,15,3,1.00,0.99,0.35,92.840580031284,0.48136970260331413,-763.4593163837548,5.340761577094584,521.8412754611645,4.762572898441606,46.420290015642,0.24068485130165707,521.8412754611645,4.762572898441606
GC12732,16,3,1.00,1.00,0.35,379.8050143733339,1.420670173390347,-3234.46808267782,11.289900319065193,5400.522925344246,29.42359626500916,189.90250718666695,0.7103350866951735,5400.522925344246,29.42359626500916
GC1705,14,3,1.00,0.98,0.35,68.50234515049817,0.40530937126829303,-201.34772860349625,2.851679519552787,48.887577874002154,1.243161352528473,34.251172575249086,0.20265468563414651,48.887577874002154,1.243161352528473
GC2366,26,3,1.00,0.99,0.35,18.665055012252772,0.4159485647082403,-58.52170236662106,3.1010780417936314,13.902978727399695,1.423412186882915,9.332527506126386,0.20797428235412016,13.902978727399695,1.423412186882915
GC2403,73,3,1.00,1.00,0.35,327.3366160353652,26.609907388398316,-5977.000103675713,368.0611381535544,1084.0199870837073,1116.7131781029634,163.6683080176826,13.304953694199158,1084.0199870837073,1116.7131781029634
GC2683,11,3,1.00,0.98,0.35,908.9289927750948,1.494698203833363,50315.48523923907,176.48874183060812,59442.22977037628,148.84302460183412,454.4644963875474,0.7473491019166815,59442.22977037628,148.84302460183412
GC2841,50,3,1.00,0.67,0.35,8011.041747362411,131.51929709514792,3649561.65310819,127745.39017386695,1744807.018248865,50316.94016074329,4005.5208736812056,65.75964854757396,1744807.018248865,50316.94016074329
GC2903,34,3,1.00,1.00,0.35,529.7243931417154,4.487422993427141,5876.820018363122,170.3381989063689,19813.594995024225,260.64046748007775,264.8621965708577,2.2437114967135705,19813.594995024225,260.64046748007775
GC2915,30,3,1.00,1.00,0.35,788.8277607935132,8.204752520378849,-7496.394604854636,90.20628214836599,5556.79044078045,78.03283751526347,394.4138803967566,4.102376260189424,5556.79044078045,78.03283751526347
GC2955,24,3,1.00,0.99,0.35,97.46510814975517,0.08254787006106193,5743.169288410208,9.202758249709065,6492.759825355401,7.988742481747221,48.732554074877584,0.041273935030530964,6492.759825355401,7.988742481747221
GC2976,27,3,1.00,0.97,0.35,0.6251315778818626,0.0009250397944870381,-0.7323485866235402,0.0017186788816147117,0.14833282592344163,0.00040538920896433887,0.3125657889409313,0.00046251989724351906,0.14833282592344163,0.00040538920896433887
GC2998,13,3,1.00,0.97,0.35,748.676703938487,0.7822846752866902,64061.97336661188,154.14450100025056,60122.28570264841,104.72619332603782,374.3383519692435,0.3911423376433451,60122.28570264841,104.72619332603782
GC3109,25,3,1.00,1.00,0.35,187.73712005320394,1.6993405947726246,-1064.9453662231729,13.505154782183299,423.3968038049132,6.562533036774662,93.86856002660197,0.8496702973863123,423.3968038049132,6.562533036774662
GC3198,43,3,1.00,0.96,0.35,5292.37789952314,21.786038147912507,1220198.9160244777,6886.381139641303,751399.0351920214,3882.5299698530894,2646.18894976157,10.893019073956253,751399.0351920214,3882.5299698530894
GC3521,41,3,1.00,0.98,0.35,161.26097934804775,0.08526727329736951,-1497.0229261675588,0.5901326277046588,2673.448102789652,1.9651777840450895,80.63048967402388,0.042633636648684754,2673.448102789652,1.9651777840450895
GC3726,12,3,1.00,1.00,0.35,1145.828499269903,1.9279780529627568,49369.60183225325,186.1161460592394,67968.14961307264,172.4109274583337,572.9142496349515,0.9639890264813784,67968.14961307264,172.4109274583337
GC3741,21,3,1.00,0.79,0.35,171.91045819556047,1.0809411258263106,-786.8189213403705,9.044892224322481,276.5191140941693,4.606718160062948,85.95522909778023,0.5404705629131553,276.5191140941693,4.606718160062948
GC3769,12,3,1.00,0.99,0.35,2516.772089970161,6.867097677352191,183407.11574719875,1105.3472321370475,185651.35210202902,812.5925576500853,1258.3860449850804,3.4335488386760953,185651.35210202902,812.5925576500853
GC3877,13,3,1.00,0.99,0.35,2.130957874065336,0.042562812040292095,-52.744496374844445,0.4764880712172026,42.303313577187865,0.4635658780993277,1.065478937032668,0.021281406020146047,42.303313577187865,0.4635658780993277
GC3893,10,3,1.00,0.95,0.35,189.70975905234954,0.21586551901600418,-1263.4926074895864,0.48981411373314293,3825.0027017884017,6.242791673670365,94.85487952617477,0.10793275950800209,3825.0027017884017,6.242791673670365
GC3917,17,3,1.00,1.00,0.35,269.7564264064765,0.5468910647120101,-2652.7395962232104,4.6793952809974595,3985.3774830319226,10.73135017798983,134.87821320323826,0.27344553235600505,3985.3774830319226,10.73135017798983
GC3949,7,3,1.00,0.98,0.35,6.806242287245358,0.002812822770796083,-48.37020720109258,0.021779844497708572,20.04858160556817,0.010127535448238913,3.403121143622679,0.0014064113853980416,20.04858160556817,0.010127535448238913
GC3953,8,3,1.00,0.98,0.35,25.639742965407837,0.017263375574509666,-275.03349838684255,0.1605951013082364,482.76419380440717,0.32450981730058903,12.819871482703919,0.008631687787254833,482.76419380440717,0.32450981730058903
GC3972,10,3,1.00,0.64,0.35,30.562134659898273,0.042257059155113484,-217.64616050530654,0.41387897484067887,97.10079022175489,0.2545188400160001,15.281067329949137,0.021128529577556742,97.10079022175489,0.2545188400160001
GC3992,9,3,1.00,0.98,0.35,1562.087394363029,1.6897689032176766,238345.4483022228,479.03593981626113,173743.09664563122,282.16938763937054,781.0436971815145,0.8448844516088383,173743.09664563122,282.16938763937054
GC4010,12,3,1.00,0.91,0.35,53.751313943857916,0.06892221540156626,-521.316498406464,0.7583436208059247,376.53340235737636,0.627275516668362,26.875656971928958,0.03446110770078313,376.53340235737636,0.627275516668362
GC4013,36,3,1.00,1.00,0.35,2099.502162330615,30.718129731042378,140214.29601581587,3210.1598845224203,151117.8377606413,2854.7805796711446,1049.7510811653076,15.359064865521189,151117.8377606413,2854.7805796711446
GC4051,7,3,1.00,0.85,0.35,1.7537762412453672,0.014670874730284968,-57.17835227903634,0.16726775951141046,64.76255612198908,0.15027678008116155,0.8768881206226836,0.007335437365142484,64.76255612198908,0.15027678008116155
GC4085,7,3,1.00,0.98,0.35,5.221551993202258,0.0029914873121937137,-36.59277355851989,0.0195665258774898,14.536798853026317,0.007957246904334862,2.610775996601129,0.0014957436560968569,14.536798853026317,0.007957246904334862
GC4088,12,3,1.00,1.00,0.35,137.90416930166788,0.046288806322253746,-160.54233972842576,0.3535813782000434,4131.6258049756725,1.7206521838976554,68.95208465083394,0.023144403161126873,4131.6258049756725,1.7206521838976554
GC4100,24,3,1.00,1.00,0.35,435.0269174846824,2.9980714358367417,3095.1542383517303,67.87901956546567,14995.587635701953,144.7613969339673,217.5134587423412,1.4990357179183709,14995.587635701953,144.7613969339673
GC4138,7,3,1.00,0.65,0.35,243.2451900636747,0.09379985904352882,-2088.7319198697683,0.5903422196150165,4466.353858574434,2.26979470096728,121.62259503183735,0.04689992952176441,4466.353858574434,2.26979470096728
GC4157,17,3,1.00,0.94,0.35,586.5586530681154,1.7367088980742218,17249.643146672213,127.44654094930945,29883.937695986806,135.10218481658683,293.2793265340577,0.8683544490371109,29883.937695986806,135.10218481658683
GC4183,23,3,1.00,1.00,0.35,468.1703390924721,3.2955949554474473,-3019.921454219862,37.39242862501506,9674.255779923238,132.15727031225288,234.08516954623605,1.6477974777237236,9674.255779923238,132.15727031225288
GC4214,14,3,1.00,0.99,0.35,65.84265111397778,0.22037367442824832,-275.57777866187814,1.4418924126650239,92.68406280301676,0.5958585743213652,32.92132555698889,0.11018683721412416,92.68406280301676,0.5958585743213652
GC4217,19,3,1.00,0.99,0.35,71.91450684687062,0.21166080586333624,-662.4240667123831,1.0306615465878133,1197.1068336299104,5.291961523300821,35.95725342343531,0.10583040293166812,1197.1068336299104,5.291961523300821
GC4559,32,3,1.00,1.00,0.35,254.0845333951963,4.432872937625666,100.82856408738574,59.74574472551912,6749.214963464319,184.88536140405128,127.04226669759815,2.216436468812833,6749.214963464319,184.88536140405128
GC5005,18,3,1.00,0.18,0.35,20.39095116626598,0.02974824925787714,-244.68123764849415,0.33271835402446476,214.79836049714672,0.33591399421491897,10.19547558313299,0.01487412462893857,214.79836049714672,0.33591399421491897
GC5033,22,3,1.00,0.99,0.35,2255.6232299654052,11.010717465488694,366245.60843142436,3522.7300156706533,257706.01426160644,1977.991956482714,1127.8116149827026,5.505358732744347,257706.01426160644,1977.991956482714
GC5055,28,3,1.00,0.99,0.35,3001.8184304113674,11.025658611757642,1052852.8252911244,6454.662243361064,557254.7517560265,2958.286277381203,1500.9092152056837,5.512829305878821,557254.7517560265,2958.286277381203
GC5371,19,3,1.00,0.97,0.35,1045.5859286087984,0.7520000443021274,248148.7646917283,257.10551672389556,155712.52792493944,141.06818676545893,522.7929643043992,0.3760000221510637,155712.52792493944,141.06818676545893
GC5585,24,3,1.00,1.00,0.35,160.98755969793433,0.6343823577360568,-1486.1654262386849,7.071705471417501,1083.3529073614388,6.675213876353437,80.49377984896716,0.3171911788680284,1083.3529073614388,6.675213876353437
GC5907,19,3,1.00,0.99,0.35,1142.2437181380326,10.934496997514909,64582.581063563804,5090.508072254988,86644.19873150894,2511.522384755955,571.1218590690163,5.4672484987574546,86644.19873150894,2511.522384755955
GC5985,33,3,1.00,1.00,0.35,549.0150454975851,1.65304178533465,8226.490340306687,197.20752241115818,23160.703722772432,165.5293010077248,274.50752274879255,0.826520892667325,23160.703722772432,165.5293010077248
GC6015,44,3,1.00,0.49,0.35,1231.5150046080516,30.66880451845749,11085.860895049507,2499.8353753489378,46716.57524616894,2508.4943920910086,615.7575023040258,15.334402259228744,46716.57524616894,2508.4943920910086
GC6195,23,3,1.00,1.00,0.35,82.87688925107236,0.13148625399327843,-1859.3345923284198,17.50057659216711,2545.831058784681,14.00226185848922,41.43844462553618,0.06574312699663921,2545.831058784681,14.00226185848922
GC6503,31,3,1.00,1.00,0.35,1325.3716987673436,17.668441534405037,10224.952829373658,508.8671812621475,45531.22965434792,924.9285333645594,662.6858493836718,8.834220767202519,45531.22965434792,924.9285333645594
GC6674,15,3,1.00,0.76,0.35,4132.616815154681,24.106669611241056,478063.4373945432,29573.282518281092,488400.75443370064,10934.918802540498,2066.3084075773404,12.053334805620528,488400.75443370064,10934.918802540498
GC6946,58,3,1.00,1.00,0.35,277.35279963694705,9.303678637142164,-1095.3311790462503,111.95285351949575,6877.7194815562325,377.64077446076357,138.67639981847353,4.651839318571082,6877.7194815562325,377.64077446076357
GC7331,36,3,1.00,1.00,0.35,1636.9609085361833,9.640360619881491,219234.9139698493,1727.190028538312,171176.50435379773,1211.3994837075486,818.4804542680916,4.820180309940746,171176.50435379773,1211.3994837075486
GC7793,46,3,1.00,1.00,0.35,-14.57062348979899,0.059547589092589656,151.382506218481,0.5545327876462209,-80.26362830946798,0.32054989645559884,-7.285311744899495,0.029773794546294828,-80.26362830946798,0.32054989645559884
GC7814,18,3,1.00,1.00,0.35,393.42042827464707,1.5724667202391072,-2166.083633070662,6.630521734014465,8528.766436385664,53.65278974692707,196.71021413732353,0.7862333601195536,8528.766436385664,53.65278974692707
GCA281,7,3,1.00,1.00,0.35,0.6308433035742913,0.00032798227900687787,-0.19959557606463285,0.00014982688876731385,0.03159231629718776,2.4881194146378672e-05,0.31542165178714565,0.00016399113950343893,0.03159231629718776,2.4881194146378672e-05
GCA442,8,3,1.00,0.38,0.35,138.89675657859607,0.09105532366297614,-712.6518099164812,0.6198468957870886,264.53915580768654,0.2599657881952588,69.44837828929803,0.04552766183148807,264.53915580768654,0.2599657881952588
GCA444,36,3,1.00,1.00,0.35,41.031402355362374,0.4475187507066827,-79.2174384638862,1.125913492950291,19.213205498296013,0.2941789194593637,20.515701177681187,0.22375937535334134,19.213205498296013,0.2941789194593637
K98-251,15,3,1.00,0.60,0.35,11.878275072456205,0.009108768800722082,-27.51041846604854,0.02557644515625858,7.167963682815634,0.006914568528699125,5.9391375362281025,0.004554384400361041,7.167963682815634,0.006914568528699125
SO079-G014,15,3,1.00,0.99,0.35,136.20953816173252,0.16065316704395893,-1287.2579797025098,1.178514693961215,2004.1226747422406,3.5408257245016235,68.10476908086626,0.08032658352197947,2004.1226747422406,3.5408257245016235
SO116-G012,15,3,1.00,0.99,0.35,232.94447073333302,0.3173840302421429,-2201.1015804700833,3.4134889654784986,1473.5627452808094,2.6013403990006334,116.47223536666651,0.15869201512107145,1473.5627452808094,2.6013403990006334
SO444-G084,7,3,1.00,0.66,0.35,80.78248998697254,0.019329641608271598,-199.07833855676202,0.06306229761020953,51.937925167907714,0.017474018142970588,40.39124499348627,0.009664820804135799,51.937925167907714,0.017474018142970588
SO563-G021,30,3,1.00,1.00,0.35,1925.9879402980264,16.224095651059162,245810.75722805556,4635.2222134087215,193540.6139501211,2710.9242747661033,962.9939701490132,8.112047825529581,193540.6139501211,2710.9242747661033
amB,9,3,1.00,1.00,0.35,1.6229907974296862,0.0002528401702417187,-1.5054645802455107,0.0002620107021950439,0.2917127259136697,5.219653440887035e-05,0.8114953987148431,0.00012642008512085936,0.2917127259136697,5.219653440887035e-05
