ID,n_points_used,r_min,r_max,v_max,model_chosen,delta_BIC,delta_BIC_raw,delta_BIC_chi,bic_status,s_frac,chi2_red,R2,AIC,AICc,BIC,Qexp,ring_A,ring_r,ring_sigma,DW,rho_AR1,BP_pvalue,conservative_sigma,resid_ar1_flagged,rmse_holdout,mae_holdout,r2_holdout,delta_rmse_in,delta_rmse_holdout,bound_hits_chosen,bound_hits_f7,bound_hits_f10,fit_status
amB,9,0.16,1.79,20.1,EGR-10,-121.86021662545485,-121.86021662545485,-9051.455379506304,F7_fallback,0.0,0.017429862748249446,0.9998573971139081,-28.922781895504862,-28.922781895504862,-26.950536122142665,9.864434922906984,0.7401057333291624,1.0835994675463745,0.2506665139852997,3.0215161749450425,-0.542832015858531,0.2768420693365674,True,True,nan,nan,nan,-82.88778742953696,nan,4,0,4,OK
512-2,4,nan,nan,nan,NA,nan,nan,nan,both_fail,nan,nan,nan,nan,nan,nan,nan,nan,nan,nan,nan,nan,nan,False,False,nan,nan,nan,nan,nan,0,0,0,too_few_points
564-8,6,0.51,3.07,25.0,EGR-10,-70.3367538260041,-70.3367538260041,-441.50430724378424,F7_fallback,0.0,0.017605587394444833,0.999658338890425,-7.01341376659909,-7.01341376659909,-9.095819074318541,10.208747838556665,1.031786145588779,1.4031612910958924,0.304382152865313,2.440468443285569,-0.8092685978162835,0.0485410794494034,True,True,nan,nan,nan,-57.76400976624845,nan,3,0,2,OK
631-7,16,0.45,7.19,58.5,EGR-10,-149.0152963818728,-149.0152963818728,-1066.8604831227983,F7_fallback,0.0,0.177993424534196,0.9988541909057498,-1.277563603082534,42.722436396917466,6.448323619315278,10.79475573120522,6.528382264466805,5.851348532132498,1.2054929510966053,1.2889071969487624,0.09761792692476359,0.0343845990353394,True,False,nan,nan,nan,-69.71286176138676,nan,1,0,1,OK
DO064,14,0.1,2.98,46.9,EGR-10,-111.87379494702378,-111.87379494702378,-1216.2516316495012,F7_fallback,0.0,0.16739319934502964,0.9946649194601281,21.09051644096299,94.42384977429631,27.481089737115575,23.49007269014179,11.4413215105,1.7512076257312645,0.42501073101616366,2.1597767983740845,-0.15340441230146032,0.07376716696542428,True,False,nan,nan,nan,-73.9383877674967,nan,1,0,1,OK
DO154,12,0.49,5.92,48.2,EGR-10,-116.72796417672772,-116.72796417672772,-357.66999096444704,F7_fallback,0.0062255859375,1.000082827850081,0.9989983445820639,-5.6233327123559285,214.37666728764407,-0.7742662144759258,5.903679855825739,10.155051536473431,4.528119114388874,2.102740889378883,2.2506818345720303,-0.3169516578525261,0.11047472482994988,False,True,nan,nan,nan,-65.11858028137914,nan,1,0,1,OK
DO161,31,0.6,13.37,67.5,EGR-10,-284.64323393310787,-284.64323393310787,-1038.384763805405,F7_fallback,0.0,0.1555698747155139,0.9978464733139597,6.827719980153651,17.827719980153653,21.167592025005113,3.7060895379779333,35.5635764550254,11.698859416988185,6.723378492484124,1.06871265587705,0.465129096702731,0.04627793635183815,True,True,nan,nan,nan,-93.32569363742316,nan,2,0,1,OK
DO168,10,0.41,4.12,55.0,EGR-10,-73.45559809843118,-73.45559809843118,-215.18253671349777,F7_fallback,0.04497680664062501,0.9999950332561925,0.9954064550808279,18.78126816626859,18.78126816626859,21.80711909620905,10.256151857092453,10.637707084309096,2.7710362373238784,0.7351606444235014,2.881988821535637,-0.5042738369463392,0.3935469727253387,False,True,nan,nan,nan,-57.82322515210367,nan,1,0,1,OK
DO170,8,1.87,12.33,62.2,EGR-10,-75.42868077354125,-75.42868077354125,-59.57785503079742,F7_fallback,0.011212158203125001,1.0000607996027202,0.9984483993392854,6.518450663370876,6.518450663370876,7.3128660801692345,12.230423520441704,13.167384583508571,4.281105028378122,2.953195367945845,3.2844924863695777,-0.6496773056809317,0.8768224195817655,False,True,nan,nan,nan,-71.08015085335592,nan,2,0,2,OK
SO079-G014,15,0.41,16.67,178.0,EGR-10,-89.92476955597273,-89.92476955597273,-70.85427945767881,F7_fallback,0.0,0.387042259484741,0.9964844428881492,52.34844144152514,107.34844144152514,59.428943452547244,367.7776770367217,25.221359379301997,8.524063279563515,4.989978210167695,2.544524847580019,-0.28865097490622005,0.13229754362931886,True,False,nan,nan,nan,-74.27438779271354,nan,0,0,0,OK
SO116-G012,15,0.25,9.86,112.0,EGR-10,-97.94758770228073,-97.94758770228073,-183.6443306734067,F7_fallback,0.0,0.7851064970512199,0.9950210476522803,40.69308762812905,95.69308762812905,47.773589639151155,62.296618160433525,4.825027427445768,5.349732030142249,0.8527096527815372,2.7124952978389194,-0.3599265753209747,0.35182630156844097,True,True,nan,nan,nan,-66.4137912117331,nan,1,0,1,OK
SO444-G084,7,0.26,4.44,63.1,EGR-10,-60.95255048779852,-60.95255048779852,-179.21723091173322,F7_fallback,0.0,0.14755718111228966,0.9983866182407394,13.060545653734284,13.060545653734284,12.519647144287415,21.91110466364321,7.349034414512018,3.637581163237091,1.1968023722123633,2.994957677769283,-0.5026057321156819,0.577080461985691,True,True,nan,nan,nan,-71.27099441100181,nan,2,0,2,OK
SO563-G021,30,0.45,42.41,321.0,EGR-10,-141.7191242246554,-141.7191242246554,-157.8311510129325,F7_fallback,0.040856933593750006,1.0000391426556887,0.988729664331278,153.91796226221177,165.4969096306328,167.92993607883332,117.16854776139263,65.19302593328861,9.503965805083816,3.326278185250156,1.3238544571312862,0.3349138342378575,0.19272374724876706,False,True,nan,nan,nan,-102.93063187103519,nan,1,0,1,OK
561-1,6,1.61,9.66,50.4,EGR-10,-51.570964842565836,-51.570964842565836,-51.224254902915675,F7_fallback,0.0,0.04736937065717983,0.9960936507372611,13.769523649961657,13.769523649961657,11.687118342242206,46.64305723300527,4.743770926225452,3.7798743285683525,0.4830000000908132,1.3805740819287355,0.0013770381427492993,0.3201098733953972,True,False,nan,nan,nan,-67.86875765138605,nan,4,0,4,OK
563-1,17,1.07,20.1,112.5,EGR-10,-107.46634024373137,-107.46634024373137,-149.83243421423737,F7_fallback,0.0,0.11444819937359271,0.9889703614841988,52.887386958224894,89.55405362489157,61.219520398787054,368.77256993577225,44.12353272843622,4.174861940746893,1.109387627628452,1.9009058067180833,-0.34299164495398504,0.13899006513471476,True,True,nan,nan,nan,-77.05044020980685,nan,3,0,2,OK
563-V1,6,1.31,7.87,29.5,EGR-10,-66.59066381104007,-66.59066381104007,-235.82433601968427,F7_fallback,0.0,0.008589667351801895,0.999068237789161,0.01952652111303621,0.01952652111303621,-2.062878786606415,12.862431411658328,9.455701596204019,3.9714425827030304,1.9080323530890257,3.649890135216633,-0.8835155085236349,0.3446792883282783,True,True,nan,nan,nan,-75.916456567838,nan,1,0,2,OK
563-V2,10,0.28,10.47,118.0,EGR-10,-86.1400445711921,-86.1400445711921,-323.144781186916,F7_fallback,0.0,0.009994479951459252,0.9995225797246206,15.692410564874695,15.692410564874695,18.718261494815156,107.13154033582315,31.39225732374928,3.235113586097052,1.1584912305119457,1.7021160494860166,0.04188807661226624,0.024682969894783597,True,False,nan,nan,nan,-83.71636341029316,nan,2,0,1,OK
565-V2,7,1.26,8.8,83.1,EGR-10,-94.74480210040821,-94.74480210040821,-55.32965060138714,F7_fallback,0.0,0.00023307633127092863,0.9999954123263045,-23.647300316041807,-23.647300316041807,-24.188198825488676,199.83077650769104,5.221917429620116,4.455863120699052,1.107814218728562,2.676193313770437,-0.6048193897996874,0.5339558520782174,True,True,nan,nan,nan,-58.325595620410766,nan,2,0,2,OK
567-2,5,1.92,9.59,52.2,EGR-10,-285.1171258199178,-285.1171258199178,-33.5577363076463,F7_fallback,0.0,8.551678914716923e-22,1.0,-211.5130618730005,-211.5130618730005,-215.4186827486595,40.79915553867255,16.19094859401698,3.641041847069929,1.6627591725167266,2.321328049970039,-0.34570036492546774,0.025347318680359457,True,True,nan,nan,nan,-64.93850823441761,nan,2,0,2,OK
568-1,12,0.44,13.23,142.0,EGR-10,-105.27595025500166,-105.27595025500166,-191.81243477580645,F7_fallback,0.0,0.009494747072953096,0.9996932653593249,9.824025041395066,229.82402504139506,14.673091539275068,95.67760586888541,16.46192073476862,3.7534173044845303,1.8060379404546836,1.826073811963699,-0.3894794119800925,0.0546838210730808,True,True,nan,nan,nan,-71.08989481398203,nan,2,0,2,OK
568-3,18,0.64,17.98,120.0,EGR-10,-126.38242591467746,-126.38242591467746,-449.17702153266004,F7_fallback,0.0,0.08537107799846816,0.9954174104264544,46.91979257625658,78.34836400482801,55.82351015521823,46.0595064491957,22.73397801509094,4.536092124460595,1.6315511733986936,2.0324922599460016,-0.023476343935904188,0.6315188054462,True,False,nan,nan,nan,-87.83786348554919,nan,2,0,2,OK
568-V1,15,0.39,17.63,118.0,EGR-10,-97.12203453358939,-97.12203453358939,-42.0779682953996,F7_fallback,0.0,0.07303579839222564,0.9941022823603974,43.206208779585566,98.20620877958557,50.28671079060767,69.60018826559826,13.400322615813625,3.2982994431012296,3.1446666060201554,1.5805462183441858,0.13027644260765625,0.6231563500018071,True,False,nan,nan,nan,-70.24701760833393,nan,1,0,1,OK
571-8,13,0.22,15.55,144.0,EGR-10,-74.31496271391568,-74.31496271391568,-372.08894819105217,F7_fallback,0.050537109375,1.0000962577777293,0.9931698200567879,50.65718193963213,160.65718193963212,56.3066755142475,33.637912296966086,62.75697695650607,13.553805459238731,7.028498855177866,1.835578842477887,-0.02414562905818325,0.05438854750264308,False,False,nan,nan,nan,-80.31799505425546,nan,1,0,0,OK
571-V1,7,1.95,13.59,84.3,EGR-10,-50.858972806396466,-50.858972806396466,-29.986396045617973,F7_fallback,0.0,0.12768351818985182,0.9959269751628165,21.731894794223308,21.731894794223308,21.19099628477644,170.96847814840766,4.334112479092282,7.942469066608203,4.10052008225141,2.3471750035117394,-0.36295343088971616,0.021912705153538006,True,True,nan,nan,nan,-63.809229854578874,nan,3,0,3,OK
574-1,14,0.47,12.6,99.7,EGR-10,-159.50786058450038,-159.50786058450038,-293.54269977098977,F7_fallback,0.0,0.0045679952603210035,0.9999502670721223,-29.303936938622357,44.02939639471097,-22.913363642469772,445.96155766599855,7.9964120607002975,3.143088662387725,1.5540323939192215,2.726073261359338,-0.413959533253975,0.13566612915937684,True,True,nan,nan,nan,-67.76715896204156,nan,1,0,1,OK
574-2,5,2.17,10.83,40.0,EGR-10,-60.89442244670013,-60.89442244670013,-130.4915862604826,F7_fallback,0.0,0.0011237497142939233,0.9998481573163964,-1.2081951600850829,-1.2081951600850829,-5.11381603574408,57.25419543572401,0.937679895459249,3.6709730001515983,0.5415097556611861,3.198604381207903,-0.7846062063321441,0.21552302821892919,True,True,nan,nan,nan,-85.63159778391278,nan,4,0,4,OK
579-V1,14,0.42,15.16,114.0,EGR-10,-109.12661511870581,-109.12661511870581,-40.38273695366642,F7_fallback,0.0,0.020226204911207434,0.9980424462172753,16.51411910074064,89.84745243407397,22.904692396893225,329.77570660482996,26.7362720002979,1.5296046634817575,1.1481397919394694,1.7321590264886124,0.12034371826763447,0.32109353362409254,True,False,nan,nan,nan,-56.83946788484149,nan,1,0,2,OK
583-1,25,0.26,16.26,86.9,EGR-10,-182.21219612864343,-182.21219612864343,-1200.1166601356445,F7_fallback,0.0,0.14758079166144217,0.9914541298875147,60.75086281425387,76.46514852853959,72.93962106293588,23.092168013227738,3.2176153394774074,4.441173091625986,1.664569487425446,1.8570899064615227,-0.0345746812679443,0.18894185819652826,True,False,nan,nan,nan,-102.56753243172817,nan,3,0,3,OK
583-4,12,0.22,7.29,69.9,EGR-10,-96.27535708146395,-96.27535708146395,-547.5615116972809,F7_fallback,0.0,0.3577697800085606,0.9968291859479034,19.762678258059964,239.76267825805996,24.611744755939966,14.837819801704724,10.911618836455412,1.395218492074279,0.5120433056950885,2.6054501139464814,-0.4116871159155566,0.10929119738894211,True,True,nan,nan,nan,-75.84445296778858,nan,1,0,1,OK
C2574,34,0.85,10.23,67.5,EGR-10,-229.99001267413195,-229.99001267413195,-1323.6197660022724,F7_fallback,0.009796142578125002,1.0000460191147071,0.9827705749709579,72.30117158828845,81.8663889795928,87.56477683445007,8.64252332650784,15.067667768145887,9.299774227548518,1.796672442272657,1.5426164243684313,0.22476586301108428,0.11772415488920453,False,False,nan,nan,nan,-72.77144881173476,nan,1,0,2,OK
C4202,32,0.77,25.9,250.0,EGR-10,-153.50112967851427,-153.50112967851427,-35.45161263893644,F7_fallback,0.03297119140625,0.999983541668337,0.9843165980811006,138.7809262684786,149.25711674466908,153.43828529647587,469.07464190112836,25.557061228976384,6.4734669236309985,2.7152531755453837,0.784279510150473,0.4974104072884924,0.393260077120304,False,True,nan,nan,nan,-76.25877459898676,nan,1,0,1,OK
K98-251,15,0.25,3.13,34.6,EGR-10,-148.23546252492494,-148.23546252492494,-3290.2304080678573,F7_fallback,0.0,0.11002024022631882,0.9985473071493319,-8.791132834101976,46.20886716589803,-1.7106308230798746,17.426474900596595,5.144870206342738,2.1159001526229013,0.4052252968772802,2.279973680166453,-0.20725351269793513,0.08128666157837293,True,False,nan,nan,nan,-69.8826035098896,nan,1,0,2,OK
GC0024,29,0.21,11.27,110.0,EGR-10,-189.60348349257316,-189.60348349257316,-320.71440005122264,F7_fallback,0.0,0.28620840099544637,0.990190438554365,72.88938158397255,85.11160380619478,86.5623398838373,418.11217895863615,5.9627052346701115,3.1700866901479174,0.9701617234334315,0.8050454771702463,0.5381164265573223,0.5675322637485525,True,True,nan,nan,nan,-75.38446166827761,nan,1,0,1,OK
GC0055,21,1.23,13.5,87.4,EGR-10,-167.58937703179254,-167.58937703179254,-104.72275478221076,F7_fallback,0.0,0.16071752439933337,0.9972338859282672,17.458222123511703,39.4582221235117,27.903446500745932,105.39558277031306,26.168065786235893,5.858641171889548,4.5264776258279875,1.7643972257012617,0.1109733773885163,0.29529961156522255,True,False,nan,nan,nan,-62.314754403331165,nan,1,0,1,OK
GC0100,21,0.23,9.62,91.2,EGR-10,-166.7677756829725,-166.7677756829725,-620.7922498265731,F7_fallback,0.0,0.103262660520951,0.9961347911988773,36.08189295128888,58.08189295128888,46.52711732852311,34.55749961006104,2.7319979212441328,4.067708019964371,0.5125455078556733,0.7695505767339704,0.6089363380948867,0.015307532879764376,True,True,nan,nan,nan,-70.26128006140088,nan,3,0,2,OK
GC0247,26,1.08,14.54,108.0,EGR-10,-201.6533252659923,-201.6533252659923,-70.09786564147339,F7_fallback,0.0,0.0503816764750769,0.9975099043747142,19.12966124662245,33.79632791328912,31.71062662683727,50.1504374159725,20.02418519448214,2.280354450765723,1.4260303008416721,1.4885078481581484,0.2393785631475832,0.031837368831506584,True,False,nan,nan,nan,-56.366905164213996,nan,2,0,2,OK
GC0289,28,1.5,71.12,194.0,EGR-10,-108.86405307961317,-108.86405307961317,6.996583493686714,F7_fallback,0.01280517578125,0.9999520838185093,0.4292983145711191,130.38921505687387,143.3303915274621,143.7112601586259,262.0344906592228,25.430555581638643,42.10905579777843,9.446293837137201,1.0459474741876245,0.46688662888445837,0.0032628738438271305,False,True,nan,nan,nan,-55.34537900557333,nan,1,0,1,OK
GC0300,25,0.91,11.8,97.0,EGR-10,-142.18636635815045,-142.18636635815045,-61.10102164442935,F7_fallback,0.0,0.37328548301785236,0.9763036251842252,66.16071935305766,81.87500506734337,78.34947760173966,59.01851365341224,6.873528585024517,9.824864035244245,0.8479110075222095,1.1770024901446017,0.39858983498463046,0.2704893179639688,True,True,nan,nan,nan,-49.943890269412734,nan,1,0,1,OK
GC0801,13,1.17,59.82,238.0,EGR-10,-26.73605953014703,-26.73605953014703,4.695004120032934,F7_fallback,0.09536132812499999,0.9999871390497685,0.9131366141759435,79.22187156343374,189.22187156343375,84.8713651380491,546.9955449406453,78.19041727402774,4.712519453474426,2.991000000000008,2.067663825837492,-0.03687231187231089,0.16839836390767937,False,False,nan,nan,nan,-28.799229363551778,nan,3,0,2,OK
GC0891,18,0.92,17.11,234.0,EGR-10,-101.52269754680218,-101.52269754680218,2.691109128417004,F7_fallback,0.0,0.6274060111869463,0.8285543469875791,68.3707344682565,99.79930589682793,77.27445204721815,1113.2369050596571,36.54535920644911,8.672546485306064,7.473858449288667,1.7552221480072312,0.12193755686953806,0.11525255889067172,True,False,nan,nan,nan,-77.99182268260338,nan,1,0,2,OK
GC1003,36,1.25,30.24,115.0,EGR-10,-256.69084950702756,-256.69084950702756,-66.19188513581814,F7_fallback,0.0,0.5246817134284947,0.9805303040474189,72.56108299957023,81.36108299957023,88.39627238413134,461.67234028398804,20.892647213784826,6.827480154067087,2.6220117671675647,1.3019133272922017,0.3141974753738785,0.13109957064764832,True,True,nan,nan,nan,-83.08106484730713,nan,0,0,0,OK
GC1090,24,0.35,30.09,176.0,EGR-10,-115.56652493573789,-115.56652493573789,-126.3643918698823,F7_fallback,0.0,0.9259332714462909,0.98601017180962,92.48404133411398,109.4071182571909,104.26457963759344,171.67935082223218,12.796699213009791,9.097854237346393,3.698689171535039,1.8436478365170987,-0.04471941832259193,0.023975796215948628,False,False,nan,nan,nan,-56.809807063315674,nan,1,0,1,OK
GC1705,14,0.22,6.0,73.2,EGR-10,-116.73703136840054,-116.73703136840054,-16.42088054759968,F7_fallback,0.0,0.03547697672882884,0.9905288259943742,4.8088481000851395,78.14218143341847,11.199421396237724,135.49693297650205,16.00549476266066,0.6810235532376604,1.0825021654803708,3.17750324796372,-0.5964090692018085,0.049460436608845186,True,True,nan,nan,nan,-49.287550032664626,nan,0,0,0,OK
GC2366,26,0.12,6.06,53.7,EGR-10,-220.8588001962235,-220.8588001962235,-3319.3125062706054,F7_fallback,0.0,0.3012109315257676,0.9962366397505513,13.827682159331115,28.494348825997783,26.408647539545935,7.55743632819297,9.41244402152785,3.007714798619639,1.5130393725460638,1.3546429972496439,0.322326730897456,0.4104768581957453,True,True,nan,nan,nan,-74.04224387069928,nan,2,0,2,OK
GC2403,73,0.16,20.87,136.0,EGR-10,-379.4347330328577,-379.4347330328577,-253.52745475887505,F7_fallback,0.031646728515625,1.0000201937735589,0.9790979520476034,214.8692629798842,218.41765007665842,237.77385739136813,528.9411240054288,50.01156101992426,16.15635784462664,10.111902800637862,0.19182262293777452,0.8882402260112854,0.09059943951686077,False,True,nan,nan,nan,-69.55554813097692,nan,1,0,0,OK
GC2683,11,2.89,34.62,212.0,EGR-10,-23.870266896189378,-23.870266896189378,4.193657324556806,F7_fallback,0.12392578125,0.9999019603346484,0.8890243148943057,63.49833441967456,63.49833441967456,67.47728714765827,253.02712165837136,49.23831277484078,3.514800066878791,9.242020484338585,2.974527027190944,-0.4972915557610062,0.9835643216737958,False,True,nan,nan,nan,-22.911308559505947,nan,0,0,0,OK
GC2841,50,3.44,63.64,323.0,EGR-10,-307.7951207681714,-307.7951207681714,-9.967803223018791,F7_fallback,0.0,0.5324432756326802,0.9648639752738721,134.4349863463424,140.07601198736805,153.55521640062386,1187.1103277328739,24.798425503918377,63.0625198325067,8.99789540208149,0.8919971648701658,0.5477746152137387,0.7560683605260378,True,True,nan,nan,nan,-73.54118409624085,nan,2,0,2,OK
GC2903,34,0.32,24.96,216.0,EGR-10,-94.46016377308081,-94.46016377308081,-10.909593560932592,F7_fallback,0.101708984375,1.000018576781966,0.9437152166154087,168.15661175124225,177.7218291425466,183.42021699740388,344.53546199179965,26.10027979920589,3.095364885147461,1.288551813083545,0.6657186568115782,0.4557329373663103,0.07441261780561237,False,True,nan,nan,nan,-42.882999460805486,nan,2,0,2,OK
GC2915,30,0.34,10.04,86.5,EGR-10,-188.3482706864724,-188.3482706864724,-258.496905824609,F7_fallback,0.0,0.10841656367205976,0.9846291735739102,67.29579998201424,78.8747473504353,81.30777379863581,318.28507610068345,28.74378436268913,2.6596698720792538,1.495574628883266,1.3436340948283818,0.2922031675003027,0.05139340090216187,True,False,nan,nan,nan,-57.98800614709355,nan,1,0,1,OK
GC2955,24,0.75,35.43,276.0,EGR-10,-104.6400594092759,-104.6400594092759,6.5346097455223955,F7_fallback,0.022326660156250004,1.0000550371962422,0.9155426513774391,113.71609692196428,130.6391738450412,125.49663522544374,516.8951553712407,53.04511493909319,18.69880307824826,8.190779862916111,1.6949554128163247,0.1513978473568361,0.14577286286549193,False,False,nan,nan,nan,-69.49148833134365,nan,0,0,0,OK
GC2976,27,0.11,2.27,88.7,EGR-10,-193.81601124253638,-193.81601124253638,-1806.4807764697273,F7_fallback,0.0,0.3890942557467606,0.995158494192702,49.31417995918357,63.06417995918357,62.27254861922686,133.30411873098717,11.545672502889893,1.6900452130965562,0.38590182433583153,1.1288325802239099,0.4352095907451449,0.8008197983449381,True,True,nan,nan,nan,-73.10351001372432,nan,2,0,2,OK
GC2998,13,0.33,42.28,214.0,EGR-10,-54.89146210317777,-54.89146210317777,4.444521573407318,F7_fallback,0.0,0.9204497664912119,0.9855616799855657,60.14314346094872,170.14314346094872,65.79263703556408,565.8770861793238,46.19579419719923,32.61123236035813,17.557918088516406,2.8041315514665826,-0.42024161267315213,0.10191015028735609,False,True,nan,nan,nan,-47.31106389488711,nan,1,0,1,OK
GC3109,25,0.26,6.45,67.3,EGR-10,-208.94152101235474,-208.94152101235474,-2602.5038755478195,F7_fallback,0.0,0.12577441840436698,0.9976644505029245,14.362317170210527,30.07660288449624,26.551075418892534,22.54683539839799,2.9993304197907285,2.0696515811389813,0.34440433562685274,1.4019680441327629,0.2819483406468691,0.7465609877360064,True,False,nan,nan,nan,-69.86100069693306,nan,4,0,4,OK
GC3198,43,0.32,44.08,157.0,EGR-10,-302.78117567162417,-302.78117567162417,-115.48993070363755,F7_fallback,0.0,0.46049065440488635,0.995614356852451,93.17462876383127,100.04962876383127,110.7866299207669,466.98751567967963,13.510454903018587,6.599807637754362,8.40717021858069,0.8837991486911715,0.5582298543892624,0.08185640877306065,True,True,nan,nan,nan,-87.9283917989795,nan,1,0,1,OK
GC3521,41,0.51,17.74,220.0,EGR-10,-255.79094179191932,-255.79094179191932,-20.66028316391992,F7_fallback,0.0,0.07090976273399041,0.9623205515404981,111.87595134529498,119.20928467862831,129.01167201233807,815.2494431886101,7.465369843307771,4.802835519978795,0.8870000000000047,1.2943357989086273,0.3393245164340869,0.09323903868354613,True,True,nan,nan,nan,-76.42950602389217,nan,1,0,1,OK
GC3726,12,3.5,32.52,169.0,EGR-10,-62.76375662513519,-62.76375662513519,4.15176974873264,F7_fallback,0.0,0.848719165450176,0.9871015440145341,38.76416989796431,258.7641698979643,43.61323639584431,557.2448915774304,56.33810964040851,8.63313619489604,3.8014892702543213,3.116271638686397,-0.6137024678667814,0.22108453038395295,True,True,nan,nan,nan,-38.57079588632788,nan,0,0,0,OK
GC3741,21,0.23,7.0,51.6,EGR-10,-169.683567666915,-169.683567666915,-815.7514577220804,F7_fallback,0.0,0.4912412088106645,0.9893448103956898,26.377492629736054,48.377492629736054,36.82271700697028,8.323228973970451,31.105512024867583,6.2747115348759035,3.2818712144619475,1.1766753267360814,0.40567484762494027,0.2799888570572846,True,True,nan,nan,nan,-81.05578306535865,nan,2,0,3,OK
GC3769,12,1.74,37.16,126.0,EGR-10,-76.30365538368476,-76.30365538368476,-6.542198890557739,F7_fallback,0.0,0.29363851680820985,0.9405284994549947,41.6037433633722,261.6037433633722,46.452809861252206,467.07099282290386,18.45966791310434,7.306076445082136,3.0904773754189567,1.7207171886982067,-0.020076672212242457,0.15693240659487603,True,False,nan,nan,nan,-78.1877808670401,nan,1,0,1,OK
GC3877,13,0.87,11.35,171.0,EGR-10,-67.5986059725107,-67.5986059725107,-22.977937322179173,F7_fallback,0.0,0.975428431509219,0.9907444033975836,54.829215882085,164.829215882085,60.47870945670037,880.391031576182,12.454443010306099,3.8912167300778293,1.3002032626648294,0.8010287142501932,0.36694991631166435,0.055047257469839836,False,True,nan,nan,nan,-65.2754534818811,nan,2,0,2,OK
GC3893,10,1.74,19.05,194.0,EGR-10,-46.449203611758094,-46.449203611758094,4.9079775383076445,F7_fallback,0.02333984375,0.9999078122435763,0.9548689594186485,41.34206208442535,41.34206208442535,44.36791301436581,1198.3736704608116,8.294577235462716,12.755358915989271,1.6581199606637913,2.531645493097587,-0.4071544128951223,0.8739084996409476,False,True,nan,nan,nan,-39.29248399396598,nan,4,0,2,OK
GC3917,17,0.87,14.86,138.0,EGR-10,-92.06226678227333,-92.06226678227333,-103.91102457932814,F7_fallback,0.019128417968750002,1.0000643635190059,0.9920744287028385,57.04503746197772,93.71170412864439,65.37717090253989,467.19381366111116,13.764306791783472,6.2905716356887655,2.8923909664030423,1.2339226861421164,0.31055610357486835,0.16393785699453464,False,True,nan,nan,nan,-53.99145500257232,nan,2,0,2,OK
GC3949,7,1.74,7.07,169.0,EGR-10,-63.51600303317929,-63.51600303317929,2.631260214457459,F7_fallback,0.0,0.008094003709471123,0.9986987035210445,10.79822954487872,10.79822954487872,10.257331035431852,280.6332291876705,22.888996248040634,1.8242455335880425,1.1761471991926535,2.721810630646967,-0.7226268636809764,0.07981930689454456,True,True,nan,nan,nan,-72.92686732742722,nan,1,0,1,OK
GC3953,8,3.5,15.68,224.0,EGR-10,-60.85156651925003,-60.85156651925003,3.8636794006356183,F7_fallback,0.0,0.2815051245118115,0.9916431412643996,23.987613912356093,23.987613912356093,24.78202932915445,1057.452605345576,72.20144427179557,10.21228673949908,10.907290914655842,2.955202534403558,-0.6819770827266465,0.021410288792564548,True,True,nan,nan,nan,-83.69511952838569,nan,1,0,1,OK
GC3972,10,0.87,8.72,134.0,EGR-10,-71.1292650965357,-71.1292650965357,-18.065006516659867,F7_fallback,0.0,0.4634036595168689,0.9985822864018687,21.663742138617614,21.663742138617614,24.689593068558075,278.13432886733125,14.22211412036278,8.071073700288196,1.4048154016449805,2.5106168620491505,-0.5093851224166344,0.02989720588487988,True,True,nan,nan,nan,-52.70059028469256,nan,1,0,1,OK
GC3992,9,9.19,46.02,272.0,EGR-10,-43.22019441730474,-43.22019441730474,5.591578294979058,F7_fallback,0.017547607421875,0.9999344747685388,0.9555560262508107,38.317337594006396,38.317337594006396,40.28958336736859,995.6474608834776,19.322754863489514,22.247619294302282,5.665501261486889,2.9655976212245747,-0.49741423017064956,0.6440957194179858,False,True,nan,nan,nan,-43.45366683693895,nan,1,0,1,OK
GC4010,12,0.87,10.47,129.0,EGR-10,-82.98070833779411,-82.98070833779411,-26.858626968371524,F7_fallback,0.0,0.24631885103829726,0.9982259988864821,25.625985142639834,245.62598514263982,30.475051640519837,447.5388411699214,15.17843709275594,7.45527039716475,1.2347095550782505,2.9669842368867325,-0.4937388231999935,0.2772889073573098,True,True,nan,nan,nan,-53.47379822669767,nan,0,0,0,OK
GC4013,36,5.49,31.01,198.0,EGR-10,-89.13235067634312,-89.13235067634312,-8.173094190867637,F7_fallback,0.0,0.3874529663874759,0.888442076722065,110.93489662775255,119.73489662775255,126.77008601231364,1091.7358181792717,45.8544905957992,9.471857768134717,3.5496901496456674,0.7127429345042925,0.6606580338527972,0.30991339515979455,True,True,nan,nan,nan,-10.62161953493707,nan,2,0,1,OK
GC4051,7,1.74,12.19,161.0,EGR-10,-366.71848213416274,-366.71848213416274,4.709437556865186,F7_fallback,0.0,8.459030487706811e-18,1.0,-241.8231985073092,-241.8231985073092,-242.36409701675606,446.1283487650785,51.612044398779666,6.737313678564306,2.585949899054328,3.5393748161398184,-0.8527604642058957,0.00844392693503921,True,True,nan,nan,nan,-40.63781639334934,nan,0,0,1,OK
GC4068,6,0.21,2.33,41.9,EGR-10,-339.9257186819252,-339.9257186819252,-1242.106070002448,F7_fallback,0.0,1.4091435905684783e-22,1.0,-283.33971824449065,-283.33971824449065,-285.4221235522101,76.96227646427747,2.760275991172582,1.3305847257329615,0.3841318281993656,0.42732612669008546,0.7979869767594273,0.014305878435430104,True,True,nan,nan,nan,-77.34116637075253,nan,2,0,3,OK
GC4085,7,0.87,6.2,136.0,EGR-10,-67.01880779122351,-67.01880779122351,-9.18860029822946,F7_fallback,0.0,0.025875451187878106,0.9998856743623682,5.195606324990427,5.195606324990427,4.654707815543558,498.21704221670814,18.593584356102614,3.0097544317822607,1.1542473441519145,3.4536138585529588,-1.02826672550601,0.0556300501111371,True,True,nan,nan,nan,-62.87019129828752,nan,1,0,1,OK
GC4088,12,1.74,21.48,182.0,EGR-10,-67.53808317070016,-67.53808317070016,3.1043377981376032,F7_fallback,0.0,0.32477484042175336,0.9951643389596405,34.1854900285297,254.1854900285297,39.0345565264097,904.1664507419437,69.99573581152795,5.552803853231016,4.736708925441982,2.4379585992182595,-0.30331504434683737,0.2809211710843338,True,True,nan,nan,nan,-39.283664223201576,nan,2,0,1,OK
GC4100,24,2.61,22.76,195.0,EGR-10,-87.38084094353488,-87.38084094353488,1.140710070912661,F7_fallback,0.0,0.6147707264861463,0.936607498660137,91.7611626895885,108.68423961266542,103.54170099306796,832.9527363351752,45.939250138697396,6.5355854083919835,7.1014805504209955,0.7133220921514156,0.5471253719600779,0.3255144062489649,True,True,nan,nan,nan,-29.125646519823277,nan,1,0,1,OK
GC4138,7,2.61,18.58,195.0,EGR-10,-36.19576072402831,-36.19576072402831,4.883601813136217,F7_fallback,0.0,0.045893984218013543,0.9934247237681981,25.41564791972511,25.41564791972511,24.87474941027824,584.8831595550861,145.26986358872895,2.844470913057743,5.388918584046812,3.403370281827855,-0.7287864463568204,0.6469636865588222,True,True,nan,nan,nan,-28.17035287120727,nan,2,0,1,OK
GC4157,17,1.74,29.61,201.0,EGR-10,-97.67571212781948,-97.67571212781948,-0.9149055956404872,F7_fallback,0.0,0.08370654459968711,0.9958762811462051,33.336000291541524,70.00266695820818,41.66813373210368,1116.0332551580611,41.79994915354746,5.522370609214554,3.7210419431898263,1.3555606517244498,0.28759161511355724,0.6783806365466176,True,False,nan,nan,nan,-32.13711363772866,nan,2,0,2,OK
GC4183,23,0.87,21.02,115.0,EGR-10,-169.08992438333638,-169.08992438333638,-33.65476424098642,F7_fallback,0.0,0.07375260241266803,0.9940238070417369,32.22663266892687,50.5599660022602,43.581574828218365,278.873316465737,6.813272360204893,8.878183387825144,1.2112048230316856,1.914784400861473,-0.001292114594552626,0.18280024060543199,True,False,nan,nan,nan,-61.88598046093152,nan,1,0,1,OK
GC4214,14,0.21,5.63,80.6,EGR-10,-124.13488734243516,-124.13488734243516,-13.000121493268107,F7_fallback,0.0,0.023337991581768247,0.9967030270809747,-2.5143434441392607,70.81898988919407,3.8762298520133243,63.77923569372353,3.6884784945014517,2.4626706685169477,0.5890311287221328,2.5654693290578092,-0.32611455848985244,0.02945246274162101,True,True,nan,nan,nan,-49.55406365503568,nan,1,0,1,OK
GC4217,19,0.87,16.72,191.0,EGR-10,-80.16283548515939,-80.16283548515939,-7.193054277346363,F7_fallback,0.026049804687500004,0.9999254968272943,0.9738751974807035,86.16292674790188,113.66292674790188,95.60731653956628,604.2143587963068,16.733743579838176,8.457879796679661,4.062501752138652,0.8049863993418171,0.32167876437333853,0.01126636030465329,False,True,nan,nan,nan,-56.141943091155824,nan,1,0,1,OK
GC4389,6,0.87,5.32,110.0,EGR-10,-49.72016941165379,-49.72016941165379,-27.914082187281895,F7_fallback,0.0,0.04063853135944512,0.9996206213660654,12.483359778745754,12.483359778745754,10.400954471026303,194.79605803041903,8.38231307454896,1.759412861997728,0.7968924404105291,3.497866905047666,-0.8815033749799622,0.118387326720119,True,True,nan,nan,nan,-52.180425214779056,nan,1,0,2,OK
GC4559,32,0.67,20.97,124.0,EGR-10,-226.84518845034964,-226.84518845034964,-39.87402659026712,F7_fallback,0.0,0.07867379367762758,0.9944850102077047,41.63733910963877,52.11352958582925,56.29469813763603,391.95819712694544,38.01672594909944,15.610531659322236,9.890400270504651,1.0684016256862503,0.4649422887875581,0.0077427462496531705,True,True,nan,nan,nan,-56.01649094009813,nan,2,0,1,OK
GC5005,18,0.49,11.47,265.0,EGR-10,-118.54266399605797,-118.54266399605797,-1.975285581422515,F7_fallback,0.0,0.06353277331375341,0.9336466919404783,70.33770563036236,101.7662770589338,79.24142320932401,892.8664116385498,11.236251187982585,3.3430975738489233,0.7502971412387975,2.9955863755076244,-0.5849733257582657,0.028289831335352573,True,True,nan,nan,nan,-134.60878956849024,nan,0,0,0,OK
GC5033,22,0.76,44.59,225.0,EGR-10,-78.15775690732929,-78.15775690732929,3.1574101346139614,F7_fallback,0.0,0.7403818005819973,0.9532810043860009,60.4384939884964,80.43849398849639,71.34891852207956,901.9927945055161,19.43423025596777,24.91118437822484,5.036290477181754,1.4340383569610433,0.23581930822244848,0.5189735548885201,True,False,nan,nan,nan,-15.77892073196615,nan,0,0,0,OK
GC5055,28,0.72,54.59,206.0,EGR-10,-102.17628276996889,-102.17628276996889,6.996552122476942,F7_fallback,0.013287353515625001,0.999961867039061,0.8860672342056644,117.96843444870402,130.90961091929225,131.29047955045604,521.4788627024102,9.817809994593416,17.7458912879947,5.224376134973649,1.2652595579621473,0.28946454380628944,0.20805505457038156,False,False,nan,nan,nan,-32.97481723025909,nan,0,0,0,OK
GC5371,19,1.45,46.24,242.0,EGR-10,-85.89007750318683,-85.89007750318683,3.469552126621359,F7_fallback,0.0,0.7372321967936549,0.9755991060724654,44.37326101426149,71.87326101426149,53.817650805925894,808.8643720890158,106.05698585401292,16.511804968071957,11.325858484183414,1.7612617565617747,0.11421828537830196,0.3852607232888089,True,False,nan,nan,nan,-21.06929506440299,nan,2,0,2,OK
GC5585,24,0.09,10.96,92.3,EGR-10,-154.94736589872247,-154.94736589872247,-981.5328082275919,F7_fallback,0.18303222656250004,1.0000017306282765,0.988449342350781,69.2024266953352,86.12550361841213,80.98296499881467,99.34228396297553,11.479017255319755,6.313012749766745,3.445985148724734,1.1766975970650961,-0.037278388867010626,0.09674759271943859,False,False,nan,nan,nan,-94.14687203949073,nan,0,0,0,OK
GC5907,19,5.03,50.33,235.0,EGR-10,-41.33315025549636,-41.33315025549636,5.832813933627186,F7_fallback,0.014578247070312501,1.00000030787543,0.8186352198455862,66.18055048905879,93.68055048905879,75.62494028072318,102.24593671525759,8.880965186450931,22.12968479996306,4.51370570452796,2.0535714854916614,-0.02683797269020506,0.2224906341635757,False,False,nan,nan,nan,-9.912135729527883,nan,0,0,0,OK
GC5985,33,3.54,34.72,305.0,EGR-10,-225.44437837530762,-225.44437837530762,-1.0541081937893892,F7_fallback,0.0,0.6285858775328035,0.9771775507162644,91.13808337402634,101.13808337402634,106.10315898869115,617.1284619273,26.67020639354901,10.456884680980428,3.087060970492468,1.602927041166876,0.17125884253253845,0.2872504757795631,True,False,nan,nan,nan,-101.91891261016454,nan,1,0,1,OK
GC6015,44,0.34,29.23,166.0,EGR-10,-196.56887618728678,-196.56887618728678,-38.23646566540748,F7_fallback,0.04489135742187501,1.000050327942751,0.9592317110268376,168.72112015310364,175.3877868197703,186.56301649228624,153.87708728542918,45.61464845523389,2.6610457636196263,2.148339527063336,0.8099388121411546,0.5467068499029109,0.2827696746881804,False,True,nan,nan,nan,-50.981462057522535,nan,1,0,2,OK
GC6195,23,1.33,36.43,258.0,EGR-10,-63.404962694017144,-63.404962694017144,6.405409658342087,F7_fallback,0.01773681640625,0.999959946070012,0.7399438828017767,116.63866655438066,134.971999887714,127.99360871367216,194.22836277531968,33.23992443007544,24.57179179218634,12.470976093146058,1.4790656048814852,0.04217593181428794,0.13629746658055972,False,False,nan,nan,nan,-48.79051619572545,nan,0,0,0,OK
GC6503,31,0.76,23.5,121.0,EGR-10,-127.95567526823453,-127.95567526823453,7.3007678157650275,F7_fallback,0.0,0.6204526924822181,0.9739837731254236,32.897922643172,43.897922643172,47.23779468802346,338.19275743237273,18.631609209125028,2.8875964609076155,1.7078698667340653,1.313588204062685,0.33949858633771895,0.3426532155832531,True,True,nan,nan,nan,-48.16677314306927,nan,0,0,2,OK
GC6674,15,2.5,72.41,291.0,EGR-10,-42.907773162849054,-42.907773162849054,3.389735123424664,F7_fallback,0.0,0.6531939105573826,0.961956099886858,62.17735140817265,117.17735140817265,69.25785341919475,525.6525749538087,24.350696492268494,66.23418627836912,9.092892763040728,2.7709758720741875,-0.46324432879572486,0.0900814036401009,True,True,nan,nan,nan,-18.274060295259517,nan,1,0,1,OK
GC6789,4,nan,nan,nan,NA,nan,nan,nan,both_fail,nan,nan,nan,nan,nan,nan,nan,nan,nan,nan,nan,nan,nan,False,False,nan,nan,nan,nan,nan,0,0,0,too_few_points
GC6946,58,0.19,20.4,181.0,EGR-10,-175.3056149324649,-175.3056149324649,6.748827836943974,F7_fallback,0.0,0.9493090204376099,0.7707657413832415,245.52978703024996,250.21063809407974,266.13421713571415,467.08565956208884,19.15271780889146,5.9322503295154485,1.986206487393164,0.5991727400171648,0.7028469671700254,3.6224634895399664e-08,False,True,nan,nan,nan,-28.192054467486585,nan,1,0,1,OK
GC7331,36,2.67,36.31,257.0,EGR-10,-205.30998884759666,-205.30998884759666,-11.89670994428954,F7_fallback,0.0,0.24428233917899933,0.9048731684486376,85.92788734996887,94.72788734996887,101.76307673452996,1151.6684993941408,85.67395557400773,2.136000000000099,6.061081816040917,1.291982165536206,0.33132495015721186,0.1312982562080806,True,True,nan,nan,nan,-47.72623177704492,nan,3,0,2,OK
GC7793,46,0.11,7.87,116.0,EGR-10,-284.81856595760934,-284.81856595760934,-1038.4508004120082,F7_fallback,0.0,0.41108856560168366,0.984153077907859,143.58209377765507,149.86780806336935,161.86850774254606,15.047745036992323,54.216868902992154,4.9533611832542865,2.170175502285148,0.3557869960916941,0.7845183720032359,0.9507688057699358,True,True,nan,nan,nan,-92.13458350708385,nan,2,0,2,OK
GC7814,18,0.63,19.53,265.0,EGR-10,-148.72960461034768,-148.72960461034768,-2.0871872976661656,F7_fallback,0.0,0.030172133287934985,0.995233259767913,17.586261019046823,49.01483244761825,26.48997859800847,566.921927439163,18.32174178935649,6.960514459503768,2.8195340451415793,2.599459051276213,-0.31271714058021366,0.038347494686101595,True,True,nan,nan,nan,-73.14834890772315,nan,0,0,0,OK
GC51017,6,0.33,3.63,20.5,EGR-10,-91.38926918917791,-91.38926918917791,-145.52568620123702,F7_fallback,0.0,0.0007094547914544111,0.9992912820752666,-25.719407227548082,-25.719407227548082,-27.801812535267533,4.065897020990664,2.979678543518667,1.9695820313956578,0.18150045867174455,2.403091221875299,-1.17605496052723,0.04551117514923867,True,True,nan,nan,nan,-70.3474770356187,nan,3,0,3,OK
GC00128,22,1.25,53.75,134.0,EGR-10,-114.90666076910418,-114.90666076910418,-56.523490315030315,F7_fallback,0.019097900390625,0.9999984892410417,0.94767016629275,92.25006938599986,112.25006938599986,103.16049391958302,638.0290464064398,2.530830282704163,26.34300686173841,5.2292108810761695,1.4284533451901424,0.21541951058181927,0.11419392870481618,False,False,nan,nan,nan,-98.8649840066521,nan,2,0,2,OK
GC00191,9,0.62,9.98,83.85,EGR-10,-70.61800293317924,-70.61800293317924,-107.78608907093589,F7_fallback,0.06685180664062501,1.0000105996675754,0.9960277968798659,23.285973097349903,23.285973097349903,25.2582188707121,304.2111218733246,21.69475249948494,2.4248196765488257,1.2764331755699962,3.3131012725145994,-0.6606004531772627,0.26350001175558097,False,True,nan,nan,nan,-87.38304007463988,nan,1,0,1,OK
GC00634,4,nan,nan,nan,NA,nan,nan,nan,both_fail,nan,nan,nan,nan,nan,nan,nan,nan,nan,nan,nan,nan,nan,False,False,nan,nan,nan,nan,nan,0,0,0,too_few_points
GC00731,12,0.91,10.91,74.0,EGR-10,-107.77147520206962,-107.77147520206962,-70.05357440821778,F7_fallback,0.0,0.2182215432501193,0.9984732669146692,4.739773260054788,224.7397732600548,9.58883975793479,134.0179503406915,26.06877329331011,9.569426881007642,4.221521261387995,2.9190504816001135,-0.578578598054773,0.4556401801985914,True,True,nan,nan,nan,-63.87958385629004,nan,2,0,2,OK
GC00891,5,1.48,7.39,63.75,EGR-10,-44.913266057026874,-44.913266057026874,-37.77964035536317,F7_fallback,0.0,0.13132565098786683,0.9993211687150921,10.043580369448359,10.043580369448359,6.137959493789362,83.29944467731947,3.114932165133276,3.5650976012237083,1.8038959269283885,2.7890621070852575,-0.6854437104977382,0.0816892360154348,True,True,nan,nan,nan,-53.06851056656086,nan,2,0,3,OK
GC01230,11,0.78,36.54,113.0,EGR-10,-69.25723953082941,-69.25723953082941,-156.8272741017817,F7_fallback,0.0,0.65665767447566,0.9846020745237872,46.83377516126128,46.83377516126128,50.81272788924498,225.53994273244138,20.547182986019454,5.391344668326955,1.8270000000000002,1.0613723081968076,0.45094962758782303,0.8175551808237099,True,True,nan,nan,nan,-105.9862223360615,nan,3,0,3,OK
GC01281,25,0.08,4.99,56.9,EGR-10,-274.95499844132985,-274.95499844132985,-5019.809627534051,F7_fallback,0.0,0.0068176548660373775,0.9997391476775431,-42.88093370717773,-27.166647992892017,-30.692175458495726,10.769280454820562,8.46963177768003,2.88068813220372,1.0041772318693787,1.2958388719387721,0.2948502860424658,0.4465906914208547,True,False,nan,nan,nan,-84.03508526905064,nan,1,0,1,OK
GC02023,5,0.76,3.78,58.8,EGR-10,-215.1110590470431,-215.1110590470431,-57.71527600788332,F7_fallback,0.0,2.0556626035623265e-19,1.0,-181.56805284982636,-181.56805284982636,-185.47367372548536,72.99006306617308,6.8000231844634484,1.8021529974323696,0.2545381558424489,2.500904911111147,-1.233096366402293,0.02534836859097306,True,True,nan,nan,nan,-49.781245328351375,nan,1,0,1,OK
GC02259,8,1.02,8.14,90.0,EGR-10,-148.84894143744916,-148.84894143744916,-1.8316371715190982,F7_fallback,0.0,1.7057845214077018e-05,0.9999999456245822,-76.24122254115753,-76.24122254115753,-75.44680712435917,273.11323973409975,8.8155894492724,2.824994592721024,1.1154804067279809,3.7133430206079776,-0.8579437616242449,0.3968734124730776,True,True,nan,nan,nan,-39.559899176805345,nan,0,0,0,OK
GC02455,8,0.5,4.03,61.0,EGR-10,-70.41864506535144,-70.41864506535144,-143.3298819180752,F7_fallback,0.0,0.13623667653412763,0.9988382756609421,8.089313475933942,8.089313475933942,8.8837288927323,49.64008030666586,10.205249594186572,3.935905329381245,0.39190180358249116,2.756444301406328,-0.41701121061326296,0.11967026341068997,True,True,nan,nan,nan,-56.73027729989404,nan,1,0,1,OK
GC02487,17,9.93,80.38,383.0,EGR-10,-139.46452930279733,-139.46452930279733,-1.0848584628209892,F7_fallback,0.0,0.059416454413171615,0.995091839773518,32.69533217541249,69.36199884207915,41.02746561597465,503.22098921318644,51.233744098200525,31.585659030260274,9.75375436535682,1.7796053124733515,0.026381490022497445,0.2101465258040947,True,False,nan,nan,nan,-111.3100334511981,nan,0,0,0,OK
GC02885,19,1.7,74.07,305.0,EGR-10,-94.41224937164631,-94.41224937164631,-1.0484243673210507,F7_fallback,0.0,0.23545864178709822,0.9370529864523892,65.82297990494887,93.32297990494887,75.26736969661327,456.0490302257328,105.87688708219721,7.614877900613167,13.092401123021226,2.602161447146912,-0.3319985894653436,0.0380345163204216,True,True,nan,nan,nan,-47.20495586233342,nan,1,0,1,OK
GC02916,43,0.37,38.0,218.0,EGR-10,-97.48556602224002,-97.48556602224002,-3.4447414904671376,F7_fallback,0.0,0.6445604823423876,0.01027072975402643,215.93385393492343,222.80885393492343,233.54585509185907,880.4598805751718,20.47988427438263,9.25110681965954,3.040002868919057,0.3903538492179493,0.8695814608047937,0.3595473078423388,True,True,nan,nan,nan,-24.81200538545154,nan,2,0,0,OK
GC02953,115,0.09,62.39,319.0,EGR-10,-490.29150238688334,-490.29150238688334,11.230676717008919,F7_fallback,0.0116912841796875,0.9999795421043536,0.9492451983746119,445.90641885894314,448.0218034743278,473.35574014257566,413.9144498437773,183.41720458890586,0.07200000000894158,13.705565473229555,0.1614475056571451,0.924386444705003,0.0008787316753254476,False,True,nan,nan,nan,-57.1381173174165,nan,2,0,2,OK
GC03205,48,0.28,40.04,237.0,EGR-10,-259.93632283692887,-259.93632283692887,-7.06121279197977,F7_fallback,0.0,0.5875071718526891,0.990240319355857,119.84941349248497,125.79535943843092,138.5614236015639,689.2446609923468,39.10200164202487,4.35003826689069,2.7252997650916457,1.1194555365579406,0.42813898171493625,4.457995509934005e-05,True,True,nan,nan,nan,-45.052251502378155,nan,1,0,1,OK
GC03546,30,0.63,29.23,262.0,EGR-10,-84.22293409046486,-84.22293409046486,-1.5819735373987172,F7_fallback,0.0,0.5606375744340787,0.8607730830896874,136.64557770388987,148.2245250723109,150.65755152051142,682.6121748285841,35.73579636733161,10.932714321557139,5.63258656478731,1.832390433414106,0.07771196535356005,0.09719222497095147,True,False,nan,nan,nan,-26.725424903597233,nan,0,0,0,OK
GC03580,47,0.11,27.06,131.0,EGR-10,-247.3017086674763,-247.3017086674763,-119.69525833364773,F7_fallback,0.01575927734375,0.9999356504019435,0.9224920541744437,186.08555730640117,192.19666841751229,204.58703332350177,45.934619306925,26.706685917156413,22.616154186851283,5.9657609644845175,0.6693600570854027,0.6638184556939221,0.024312999493448464,False,True,nan,nan,nan,-89.36364618183812,nan,1,0,0,OK
GC04278,25,0.14,6.69,92.8,EGR-10,-193.42033158764644,-193.42033158764644,-1263.0281088545412,F7_fallback,0.0,0.08102676259307572,0.9974739760114992,30.260022650920405,45.97430836520612,42.44878089960241,7.14150638219829,47.84558940581564,6.467029330680024,1.8216180446262835,1.2854874653105883,0.3073774373450379,0.6078979360242796,True,True,nan,nan,nan,-70.06116810551866,nan,2,0,3,OK
GC04305,22,0.25,5.52,37.3,EGR-10,-175.89345602084066,-175.89345602084066,-2940.3881644812063,F7_fallback,0.0,0.20086340550348677,0.9843378474292499,23.324760670686516,43.324760670686516,34.235185204269676,3.7407796421087744,13.452055180567047,1.731400863051558,0.6483035694045438,1.1113207518858057,0.27878506047476154,0.9002744797357631,True,False,nan,nan,nan,-71.44367681841894,nan,1,0,2,OK
GC04325,8,0.7,5.59,92.7,EGR-10,-63.981624246468826,-63.981624246468826,-10.581930191526624,F7_fallback,0.0,0.28262424711831474,0.9988243364826226,11.099499321867409,11.099499321867409,11.893914738665767,212.50789074764012,7.321319642466618,2.047703571325355,0.7971830978689204,1.5909732822138958,-0.5226744317164004,0.05965516235792957,True,True,nan,nan,nan,-45.603107941224344,nan,1,0,1,OK
GC04483,8,0.08,1.21,24.3,EGR-10,-86.15842376715293,-86.15842376715293,-2207.5380164109906,F7_fallback,0.0,0.18036600947850992,0.99802002534324,0.09664054753133655,0.09664054753133655,0.8910559643296949,4.821256434040038,5.210705750622078,0.4865126392734007,0.06050000000092802,2.0063042313999158,-0.12103415177310191,0.10616082144967443,True,False,nan,nan,nan,-92.54806342925184,nan,3,0,3,OK
GC04499,9,0.91,8.18,74.3,EGR-10,-92.61407472536646,-92.61407472536646,-59.922662214685246,F7_fallback,0.0,0.06276699896271173,0.9997796613955781,-6.757777146194204,-6.757777146194204,-4.785531372832008,97.06532123574414,4.645678504248292,2.290019000308952,0.4090000000007165,2.121282991657131,-0.07472008879547286,0.09138258692486707,True,False,nan,nan,nan,-55.74785589004004,nan,3,0,3,OK
GC05005,11,0.78,28.61,100.0,EGR-10,-109.13909311470357,-109.13909311470357,-301.2440688622836,F7_fallback,0.0,0.03009263563476978,0.9995586057128026,8.193750091132449,8.193750091132449,12.172702819116155,16.834876239984183,31.16080783939636,24.009248915053856,11.545549098667738,2.162486835453166,-0.10049242276816704,0.9042620699480929,True,False,nan,nan,nan,-115.13896702291277,nan,1,0,1,OK
GC05253,73,0.13,53.29,248.0,EGR-10,-415.3700938718211,-415.3700938718211,-44.92868551111989,F7_fallback,0.0,0.13013971758720877,0.9436074712768228,137.69174998365816,141.24013708043236,160.59634439514207,119.30220042609204,70.73026732377406,12.32619458208351,16.915661652160946,0.7496706569998084,0.6595981667580905,1.8658012227743364e-07,True,True,nan,nan,nan,-39.82825317986186,nan,1,0,1,OK
GC05414,6,0.68,4.11,61.4,EGR-10,-315.5864311211121,-315.5864311211121,-61.171727324915096,F7_fallback,0.0,3.823065184421568e-28,1.0,-358.79661319968,-358.79661319968,-360.87901850739945,59.71396431216514,4.007340570065895,1.8597609537826374,0.590388277512986,1.5073010846540238,0.16940169216023562,0.014305878435429645,True,False,nan,nan,nan,-49.62828254236421,nan,1,0,1,OK
GC05716,12,1.03,12.37,74.7,EGR-10,-101.10768091531753,-101.10768091531753,-40.939924348082926,F7_fallback,0.0,0.4939695855593955,0.9958086050232863,11.886614975984175,231.88661497598417,16.735681473864176,38.04144062486358,4.449605113681204,7.599939252974155,1.4442939916116646,1.9557225227085828,-0.35749204994338885,0.21170140432210474,True,True,nan,nan,nan,-65.00458392642966,nan,2,0,2,OK
GC05721,23,0.09,6.74,82.6,EGR-10,-149.60234734564656,-149.60234734564656,-309.82524379881363,F7_fallback,0.0,0.34433409370978474,0.9827751201502667,56.186422810505036,74.51975614383836,67.54136496979653,27.263336196489085,8.342103641684806,1.8687771528448358,0.44135199293200555,1.0660294485272792,0.45676213793529424,0.031632152106692187,True,True,nan,nan,nan,-67.45616418732146,nan,1,0,2,OK
GC05750,11,0.31,22.85,78.9,EGR-10,-101.55994504192023,-101.55994504192023,-2054.4826660684657,F7_fallback,0.0,0.15203082185752326,0.9987923238282047,16.59390220763227,16.59390220763227,20.572854935615975,33.419975192838194,10.108682489896985,9.038236786324156,3.4227253025597517,0.7608027236479425,0.4575414260484438,0.21521639290164915,True,True,nan,nan,nan,-119.26811288322249,nan,1,0,2,OK
GC05764,10,0.36,3.62,55.8,EGR-10,-68.62140594885666,-68.62140594885666,-99.60868031037305,F7_fallback,0.05310668945312501,1.0000263366062343,0.9920315209307082,18.93878501678419,18.93878501678419,21.964635946724652,22.87990874529638,15.161673141647872,2.088199192083176,1.2112067744638793,2.403736415607649,-0.2064606374120744,0.30800601978393616,False,False,nan,nan,nan,-52.120843890480515,nan,1,0,3,OK
GC05829,11,0.63,6.91,68.6,EGR-10,-104.91310172837908,-104.91310172837908,-229.68642904580656,F7_fallback,0.0,0.06637978291968842,0.9993958415575156,-0.5427755407830936,-0.5427755407830936,3.436177187200613,45.46350906112671,8.41921276699464,1.4820081187918117,0.9150359780108072,3.3336965490049826,-0.6870736560497808,0.39333449151039246,True,True,nan,nan,nan,-63.806740590925344,nan,1,0,2,OK
GC05918,8,0.56,4.46,44.5,EGR-10,-77.83573889819446,-77.83573889819446,-134.48042425268156,F7_fallback,0.0,0.04605906239174955,0.9988112178962384,0.6400525523941951,0.6400525523941951,1.4344679691925535,18.35259335223312,3.2521618296810257,1.279529737747624,0.4345163520642583,2.258425957806561,-0.40238822296695387,0.009268712131892568,True,True,nan,nan,nan,-56.791986669696904,nan,2,0,2,OK
GC05986,15,0.63,9.41,116.0,EGR-10,-122.37478352345931,-122.37478352345931,-63.49726316281084,F7_fallback,0.0,0.12685609198145792,0.9992588419751689,9.654578727956453,64.65457872795645,16.735080738978553,289.61229416828536,22.06402234444055,4.495282164721991,2.5611947177162864,1.8097659752132123,0.05033435990375017,0.04658699717612878,True,False,nan,nan,nan,-54.170019773438156,nan,1,0,1,OK
GC05999,5,3.48,16.22,100.0,EGR-10,-44.94539080374535,-44.94539080374535,-8.016987967761395,F7_fallback,0.0,0.03396694193897482,0.9995599890830812,11.135351945846677,11.135351945846677,7.229731070187681,382.0433030133412,46.12453040446152,8.480427061693124,0.8160211051921655,2.5222446279522095,-0.8038762205509552,0.07718667105910088,True,True,nan,nan,nan,-59.381915720827905,nan,3,0,3,OK
GC06399,9,0.87,7.85,87.6,EGR-10,-74.03277692292151,-74.03277692292151,-59.233061719298945,F7_fallback,0.0,0.08892970419869961,0.9990672907835636,11.276524238715467,11.276524238715467,13.248770012077664,35.85258845882884,2.441088562202106,4.957225268424885,0.4908820901634649,1.611301798436066,-0.16200840367469727,0.07149446235107773,True,False,nan,nan,nan,-53.68268740726556,nan,3,0,4,OK
GC06446,17,0.58,10.22,84.9,EGR-10,-111.8193801395765,-111.8193801395765,-59.04682562528146,F7_fallback,0.0,0.2575209539656966,0.9853695162742409,36.94863454944224,73.6153012161089,45.2807679900044,63.87359952307882,23.130154923258523,8.12680137556322,3.7688102712576304,1.4857237443696425,0.150447882544985,0.016032018964320386,True,False,nan,nan,nan,-55.025794802429346,nan,2,0,2,OK
GC06614,13,3.23,64.59,205.0,EGR-10,-94.41268111988785,-94.41268111988785,1.72506669805162,F7_fallback,0.0,0.010075481183615119,0.9966995725062527,14.673620389910694,124.6736203899107,20.32311396452606,656.8019784211716,20.13794692779133,22.10523674646572,17.763805850566925,2.3191698449652156,-0.1696149710217998,0.7813015336937372,True,False,nan,nan,nan,-40.547169091992075,nan,2,0,1,OK
GC06628,7,1.1,7.69,42.3,EGR-10,-87.81428823303015,-87.81428823303015,-48.06581804423833,F7_fallback,0.0,0.0006335089651542681,0.9997695590080689,-15.594142762533203,-15.594142762533203,-16.13504127198007,15.571913196626163,4.052168777237993,2.585692849096308,0.38450004309812896,2.606983668399682,-0.4225879344631682,0.36669481797717596,True,True,nan,nan,nan,-63.164748080492174,nan,3,0,3,OK
GC06667,9,0.87,7.85,85.7,EGR-10,-74.62042037717735,-74.62042037717735,-55.17298642555619,F7_fallback,0.0,0.2315344572531702,0.9990786430937039,10.665466539578171,10.665466539578171,12.637712312940367,330.3619831769941,3.384744692982823,4.819434470836302,1.3261639052158931,3.066618906950065,-0.5514253329553418,0.40455767785957075,True,True,nan,nan,nan,-53.632630487637456,nan,2,0,2,OK
GC06786,45,0.16,34.05,229.0,EGR-10,-217.03543719094776,-217.03543719094776,-17.54362815998533,F7_fallback,0.0,0.2582644415166929,0.9516786621391927,134.0800923326475,140.5506805679416,152.1467172303507,1110.6132160119837,116.99128041349775,23.43385034125044,27.23999999759771,1.3816361396575165,0.30679298556987333,0.16694355976706945,True,True,nan,nan,nan,-41.41583916919829,nan,3,0,2,OK
GC06787,71,0.12,37.19,276.0,EGR-10,-145.73683045535807,-145.73683045535807,9.793081690174446,F7_fallback,0.029229736328125,0.999946424060672,0.039172901445007846,432.47405544619704,436.1407221128637,455.1008542166102,247.36936459130268,38.54926535833251,9.7854031263852,2.212083740248879,0.48320192177349147,0.6855671088319804,0.14500609244207513,False,True,nan,nan,nan,-38.04324362019859,nan,1,0,2,OK
GC06818,8,0.87,6.98,74.4,EGR-10,-72.26491841765133,-72.26491841765133,-79.17799267791315,F7_fallback,0.0,0.05556787146218615,0.999470908418299,6.798636245529536,6.798636245529536,7.593051662327895,110.0942610662299,12.446997061676148,4.820494966319197,0.5119801896957598,3.1049415446127067,-0.7036578450565746,0.13741672872126837,True,True,nan,nan,nan,-58.78752903386025,nan,0,0,0,OK
GC06917,11,1.74,10.47,111.0,EGR-10,-84.41634493668823,-84.41634493668823,0.8728915376940236,F7_fallback,0.0,0.1253436775088909,0.9989406581840058,5.040767997655724,5.040767997655724,9.01972072563943,388.41115916120043,23.470790523790022,3.6200180126791808,2.1685169033556355,3.2586364543296127,-0.7683224393282534,0.04625679430585078,True,True,nan,nan,nan,-32.087394580746164,nan,0,0,0,OK
GC06923,6,0.93,5.16,81.1,EGR-10,-72.75969727377073,-72.75969727377073,-5.5069579757516,F7_fallback,0.0,0.0008660034976826627,0.9999844547626268,-13.771790278779953,-13.771790278779953,-15.854195586499404,979.0744635461269,13.684019836887417,2.8820765149676424,0.9768902637952761,3.4514293806955427,-0.8776224182299618,0.17258730325112404,True,True,nan,nan,nan,-40.26370129907477,nan,3,0,3,OK
GC06930,10,1.74,16.61,109.0,EGR-10,-79.88626797631646,-79.88626797631646,-7.01122206848158,F7_fallback,0.0,0.13574900855311284,0.9981710691327884,12.477118718970855,12.477118718970855,15.502969648911316,414.6502990377294,12.148459303090041,3.9579453380755574,0.8305000000000005,1.4232192674247457,0.2537353132545136,0.030391898451964577,True,False,nan,nan,nan,-51.95771307023116,nan,2,0,2,OK
GC06973,9,1.74,7.85,180.0,EGR-10,-87.46151443209301,-87.46151443209301,2.0500885926071923,F7_fallback,0.0,0.05483641239787879,0.9843290745777912,5.723644612926741,5.723644612926741,7.695890386288937,723.0362211228146,6.527427243313878,2.848778826454049,0.39250000000000007,2.30450741264528,-0.19770912833973642,0.16759952946763912,True,False,nan,nan,nan,-83.64982850458341,nan,2,0,3,OK
GC06983,17,1.74,15.68,113.0,EGR-10,-75.91862359623698,-75.91862359623698,0.3457000699497783,F7_fallback,0.0,0.7594245392377961,0.9275259893181879,62.99072099172727,99.65738765839393,71.32285443228943,51.57498025627015,13.507560186197788,11.407147030275956,3.2326927586519805,1.9561491159312172,-0.2664147943812279,0.14329128523684348,True,False,nan,nan,nan,-38.86530180155937,nan,1,0,1,OK
GC07089,12,0.87,9.16,79.1,EGR-10,-89.53326842413713,-89.53326842413713,-121.89289191892536,F7_fallback,0.0,0.18514719966918994,0.9963036164029893,21.416585792842834,241.41658579284282,26.265652290722837,53.08542866658016,4.30014543325074,1.5481993969166077,0.45800000035671,2.642971230002288,-0.38206792874243467,0.1556055394587029,True,True,nan,nan,nan,-59.29106860347384,nan,4,0,4,OK
GC07125,13,1.44,18.68,65.6,EGR-10,-115.29534086802502,-115.29534086802502,-142.67136966397626,F7_fallback,0.0,0.3459467778570208,0.9945780596995993,15.281366917522064,125.28136691752206,20.93086049213743,12.904356103058474,16.564185310946474,15.17028294984024,6.1812742856062854,2.055962023296186,-0.12392571471830882,0.32775935801810197,True,False,nan,nan,nan,-93.6941449805731,nan,2,0,1,OK
GC07151,11,0.5,5.5,76.2,EGR-10,-88.96415775705957,-88.96415775705957,-77.87727243446368,F7_fallback,0.0,0.7693641516946652,0.9980428551914654,10.949085218010378,10.949085218010378,14.928037945994085,25.74131096836935,12.334460328386468,1.6063229727885653,0.6688331142745421,3.119358461364565,-0.6529175852348739,0.3889350899789533,True,True,nan,nan,nan,-51.762984581922375,nan,1,0,1,OK
GC07232,4,nan,nan,nan,NA,nan,nan,nan,both_fail,nan,nan,nan,nan,nan,nan,nan,nan,nan,nan,nan,nan,nan,False,False,nan,nan,nan,nan,nan,0,0,0,too_few_points
GC07261,7,0.95,6.67,76.1,EGR-10,-71.51918428299116,-71.51918428299116,-4.932864626000523,F7_fallback,0.0,0.00589002619321628,0.9996924961325977,-5.29490039221654,-5.29490039221654,-5.835798901663409,552.417911797363,17.998428047181164,2.2497583857486996,0.33350029100479306,3.4224308891732753,-0.8140579742123035,0.1145629588313661,True,True,nan,nan,nan,-41.04722850483659,nan,2,0,3,OK
GC07323,10,0.58,5.82,85.6,EGR-10,-89.26330878861924,-89.26330878861924,-81.75136118447045,F7_fallback,0.0,0.14028461270637424,0.9994956627549155,4.39841948976966,4.39841948976966,7.424270419710121,107.27838587795041,4.360302981581237,4.229731857656361,0.5786952659478486,2.947814861907156,-0.5278220075531018,0.5086862757225479,True,True,nan,nan,nan,-55.716777715869284,nan,2,0,2,OK
GC07399,10,0.61,6.13,106.0,EGR-10,-88.73919227838752,-88.73919227838752,-8.870239053192499,F7_fallback,0.0,0.13178276674256706,0.9994459998006174,1.439997614652583,1.439997614652583,4.465848544593044,399.69440032427514,24.709981305750222,1.2133182653873738,1.2570600014592164,2.409786143249611,-0.296630450034435,0.14124533033289258,True,False,nan,nan,nan,-46.80234652363251,nan,1,0,1,OK
GC07524,31,0.35,10.69,83.8,EGR-10,-247.09820178944176,-247.09820178944176,-557.2303698828038,F7_fallback,0.0,0.1720883210541396,0.9966122685076529,26.154491773533106,37.15449177353311,40.494363818384564,34.70310819761429,3.6573411045899378,4.275335396157355,0.5720418985405958,1.5359617767497928,0.04099792147384097,0.7142540876796921,True,False,nan,nan,nan,-69.06315562474612,nan,2,0,2,OK
GC07559,7,0.36,2.53,32.1,EGR-10,-95.65312811697436,-95.65312811697436,-406.3597457613581,F7_fallback,0.0,0.0012557344945873718,0.999970243373707,-23.96686348269595,-23.96686348269595,-24.507761992142818,83.35032849149079,1.5929903415270366,1.7825155880838592,0.31623066525161075,3.4576505137254134,-0.7293140264366859,0.2800483883737218,True,True,nan,nan,nan,-60.83382116769283,nan,2,0,2,OK
GC07577,9,0.19,1.69,17.8,EGR-10,-130.2706323753245,-130.2706323753245,-2690.0088420691936,F7_fallback,0.0,0.0014774611241890865,0.9999190223246184,-37.66472370226226,-37.66472370226226,-35.69247792890006,4.3265610098332274,1.0107198028941173,1.8589999999952422,0.21364741219287234,3.5838314091852568,-0.7955133660156971,0.17035786242939274,True,True,nan,nan,nan,-81.39931373930166,nan,3,0,3,OK
GC07603,12,0.34,4.11,64.0,EGR-10,-113.48486003494502,-113.48486003494502,-138.68627452796485,F7_fallback,0.0,0.09267758353057291,0.9992984895781353,-4.574501415926878,215.42549858407313,0.27456508195312423,24.45171571304009,5.007625393035843,1.8460517911724967,0.4138240678389816,2.0803161477474186,-0.2901286092587612,0.038512519181700046,True,False,nan,nan,nan,-55.07583122553888,nan,1,0,1,OK
GC07608,8,0.6,4.78,69.3,EGR-10,-71.6657797282428,-71.6657797282428,-134.39772933500822,F7_fallback,0.0,0.032796284247518195,0.9993903876429833,6.434769211636105,6.434769211636105,7.229184628434464,41.7718002701248,6.189353371897278,1.7607817898118912,0.5019645387554349,1.7091762872448908,-0.2919523915996395,0.1531685348738405,True,False,nan,nan,nan,-55.338506491070966,nan,2,0,2,OK
GC07690,7,0.59,4.13,60.7,EGR-10,-55.59793449962401,-55.59793449962401,-4.339179446080291,F7_fallback,0.0,0.08540227341745235,0.9901910645338832,9.609081710131228,9.609081710131228,9.06818320068436,43.59771076327717,11.915023557938415,0.974240386027483,0.9444333485389055,2.1354270261711332,-0.3293458919125735,0.1862662922171602,True,True,nan,nan,nan,-37.847053090150645,nan,2,0,2,OK
GC07866,7,0.33,2.32,33.1,EGR-10,-100.1895731605758,-100.1895731605758,-247.21016865518527,F7_fallback,0.0,0.00042083110211369167,0.9999770881612825,-28.38332196285902,-28.38332196285902,-28.92422047230589,28.284522929007853,5.983509926003803,0.7053209366479773,0.49057405068834914,3.6627933699299366,-0.8767671046091645,0.1877627346723514,True,True,nan,nan,nan,-61.369512662365295,nan,1,0,1,OK
GC08286,17,0.47,8.04,84.3,EGR-10,-159.24233225941464,-159.24233225941464,-128.41189138132202,F7_fallback,0.0,0.06902219841254296,0.9994171843164523,-11.846220087718415,24.82044657894825,-3.5140866471562546,189.52746727076627,10.623879207762256,1.7305171279613412,0.6759556776129401,1.725944628677065,-0.038678053331889145,0.054703055752286116,True,False,nan,nan,nan,-54.03904064095801,nan,1,0,1,OK
GC08490,30,0.34,10.15,80.1,EGR-10,-265.99628428773957,-265.99628428773957,-61.45704713014597,F7_fallback,0.0,0.031590799721272066,0.9966397319550212,-17.47304622536197,-5.894098856940916,-3.4610724087404137,36.633435651595235,2.4649791381625237,7.162626414011465,1.1624157523202656,1.7531972959149535,0.06681814725345926,0.013542145379337903,True,False,nan,nan,nan,-52.916318374431505,nan,1,0,1,OK
GC08550,11,0.49,5.36,57.8,EGR-10,-91.58342299977667,-91.58342299977667,-74.24932298843528,F7_fallback,0.0,0.7788923327132187,0.9955499626720566,8.821455574311768,8.821455574311768,12.800408302295475,22.666834849980262,13.034811487410748,1.0795107348275799,0.6450304872450113,2.3538198188004866,-0.19946058556573823,0.9117463972770496,True,False,nan,nan,nan,-53.00923499577037,nan,2,0,2,OK
GC08699,41,0.22,25.7,202.0,EGR-10,-65.87228516566975,-65.87228516566975,-6.841831606799808,F7_fallback,0.0,0.5165884520665746,-0.7553708540787141,231.1941773357786,238.52751066911193,248.32989800282166,590.1554978243303,20.511539393628873,9.294376831096084,1.9870143093426877,0.2879121097329971,0.7865343031630284,0.03792188873104933,True,True,nan,nan,nan,-20.468209924050885,nan,0,0,0,OK
GC08837,8,0.52,4.2,48.0,EGR-10,-86.89757265849201,-86.89757265849201,-782.8419460692357,F7_fallback,0.0,0.04886907707756691,0.9998285963199355,-6.830163700237726,-6.830163700237726,-6.035748283439368,13.702428907993717,5.501390779705508,3.3294802508777885,0.6373054099030687,3.5915388249184734,-0.8237237792493721,0.8975199803629231,True,True,nan,nan,nan,-62.87339999475385,nan,2,0,1,OK
GC09037,22,2.43,27.96,160.0,EGR-10,-119.60725770099023,-119.60725770099023,-4.572103396187288,F7_fallback,0.0,0.26613703125846905,0.9887085324268624,62.12346008547918,82.12346008547918,73.03388461906235,649.7856938643673,16.156330737135715,19.282573344397125,3.808265150791486,1.2879622661810979,0.23878686150047332,0.23981994133641646,True,False,nan,nan,nan,-46.13281877558369,nan,1,0,1,OK
GC09133,68,0.32,108.31,289.0,EGR-10,-144.82953823678235,-144.82953823678235,9.6561487669982,F7_fallback,0.014227294921875001,1.0000825149300605,0.9112585358088698,285.4156160142038,289.2752651370108,307.6106930659649,1197.8605271046442,13.59078096388557,16.440031683695402,7.943200686052725,0.23252468379224447,0.8858137974577743,0.20723261384425298,False,True,nan,nan,nan,-16.829754636055846,nan,3,0,2,OK
GC09992,5,0.78,3.89,34.3,EGR-10,-324.60422638598976,-324.60422638598976,-20.47538092616462,F7_fallback,0.0,2.1197958912512877e-25,1.0,-254.7794845511895,-254.7794845511895,-258.6851054268485,19.032015006558826,4.420357266352829,1.5972058379804333,0.8659366606504433,2.7677675502649604,-0.5661118606786927,0.025347318677468252,True,True,nan,nan,nan,-45.657607328387876,nan,1,0,1,OK
GC10310,7,1.1,7.74,73.2,EGR-10,-109.3741109968299,-109.3741109968299,-22.448740224001217,F7_fallback,0.0,4.7934426033198715e-05,0.9999990249335365,-40.54197651473899,-40.54197651473899,-41.08287502418586,80.96743660309966,4.4777831486085296,2.8904001695359485,1.1046061465755175,3.465160383668507,-0.888380167519653,0.08635121973341582,True,True,nan,nan,nan,-49.63635973577826,nan,3,0,3,OK
GC11455,36,0.62,41.93,291.0,EGR-10,-180.17895495951896,-180.17895495951896,-50.929808908513294,F7_fallback,0.0,0.9263516690274254,0.9925915290105154,147.77632731582395,156.57632731582396,163.61151670038507,246.2242402537846,29.635783853376225,15.338736657446377,4.56846418089201,1.5288803161450404,0.2311705474156099,0.5616967274061417,False,False,nan,nan,nan,-77.73741574557084,nan,2,0,2,OK
GC11557,12,0.33,10.56,85.0,EGR-10,-85.96671672272498,-85.96671672272498,-696.9916020423906,F7_fallback,0.0,0.26696178568723655,0.995642457430308,33.188545577495724,253.18854557749572,38.037612075375726,22.9872235237357,11.794090002554341,5.791585427363416,0.6312550346469494,0.8543285424166941,0.403992599344488,0.028653667088855285,True,True,nan,nan,nan,-83.21941488092493,nan,3,0,2,OK
GC11820,10,0.26,15.82,84.45,EGR-10,-90.83561980865312,-90.83561980865312,-614.6964616618021,F7_fallback,0.0,0.4997628287687697,0.998534006694903,19.173644596991178,19.173644596991178,22.19949552693164,36.64333985707196,105.55306039860258,2.610947745532487,1.00749337285595,2.97273046651534,-0.581634542898596,0.0495758892472896,True,True,nan,nan,nan,-126.25189266451974,nan,3,0,3,OK
GC11914,65,0.28,9.83,305.0,EGR-10,-537.8184372202379,-537.8184372202379,-35.52276230867726,F7_fallback,0.0,0.18106841710877422,0.9894098101200828,142.5808983615858,146.6549724356599,164.3247710605422,835.7189018568032,26.37529725375505,9.881636000125658,1.4724213437575027,0.8473997139111867,0.573350344137862,0.02684680064845299,True,True,nan,nan,nan,-174.46420728160547,nan,2,0,2,OK
GC12506,31,0.82,49.99,255.0,EGR-10,-134.69905053305618,-134.69905053305618,-11.65999187325638,F7_fallback,0.0,0.09703716610234106,0.9856979282389969,98.38386045723209,109.38386045723209,112.72373250208355,658.4597423294402,27.96833606995947,24.86519446692373,12.065441289368753,1.900484174292367,0.039489989106174794,0.08763786368396201,True,False,nan,nan,nan,-33.16720623661635,nan,0,0,0,OK
GC12632,15,0.71,10.66,73.2,EGR-10,-142.0950671225877,-142.0950671225877,-121.33245760176847,F7_fallback,0.0,0.06539084445180718,0.9990599963090447,-4.1280363746465945,50.8719636253534,2.952465636375507,48.465409001479216,6.106728759124628,2.674526874955482,1.0993470544365136,2.7566652627952433,-0.3954053060325867,0.7425991267073626,True,True,nan,nan,nan,-66.44093151182791,nan,1,0,1,OK
GC12732,16,0.96,15.4,98.0,EGR-10,-127.15576205054182,-127.15576205054182,-65.83278826450396,F7_fallback,0.0,0.17397600505570568,0.9963115477492142,19.899718820275197,63.8997188202752,27.62560604267301,790.4563449203382,29.478014345412912,3.044040751888948,3.950678612161699,1.4789924401974013,0.20100930187825627,0.030486176546858958,True,False,nan,nan,nan,-67.74870348770499,nan,2,0,2,OK
GCA281,7,0.09,1.08,29.5,EGR-10,-85.29578388097397,-85.29578388097397,-1348.6856631242626,F7_fallback,0.0,0.0222187891474345,0.9996918092546252,-7.852453546183028,-7.852453546183028,-8.393352055629897,11.117607067411642,1.6969246512731082,0.5815704649990278,0.13040105700718962,2.8724486968665324,-0.6425709829191475,0.2014619908271897,True,True,nan,nan,nan,-91.70562580864015,nan,3,0,3,OK
GCA442,8,0.42,6.33,57.8,EGR-10,-80.23429992227817,-80.23429992227817,-312.28625353157855,F7_fallback,0.0,0.12484372057221982,0.9995371278813432,1.7758717186388076,1.7758717186388076,2.570287135437166,115.23718937437143,8.282927254643244,4.149900424644707,2.1153641578665208,3.7216830313393974,-0.8619352468166184,0.2978869499291448,True,True,nan,nan,nan,-70.88242436848725,nan,1,0,1,OK
GCA444,36,0.12,2.62,38.3,EGR-10,-324.23604404520086,-324.23604404520086,-3090.0851582424957,F7_fallback,0.0,0.02834197836352251,0.9945393861811718,-10.813616636605978,-2.0136166366059776,5.021572747955119,8.433324415627347,2.7540559835855136,0.8375917988324981,0.1576663523335749,2.244099056107536,-0.15629384359582454,0.0004274622878267418,True,False,nan,nan,nan,-67.6970159705407,nan,2,0,2,OK
